channel_id,channel_title,video_id,start,end,title
UCS9uQI-jC3DE0L4IpXyvr6w,Coco Ch. 桐生ココ,l2_xqVWhxpE,2020-01-19T14:00:06.412Z,2020-01-19T14:59:53.000Z,【#桐生ココ】ホロサーバー作ったよ！ARKでサバイバル生活！始めましょう！【#ココここ】
UCS9uQI-jC3DE0L4IpXyvr6w,Coco Ch. 桐生ココ,mrr_Sc9CxWs,2020-01-25T07:00:05.972Z,2020-01-25T09:50:02.000Z,【#桐生ココ】誰か来るかな？ARKサーバー生活！恐竜時代を生き残れ！【#ココここ】
UC1DCedRgGHBdm81E1llLhOQ,Pekora Ch. 兎田ぺこら,JzI3WaR0Pnw,2020-01-26T13:05:11.378Z,2020-01-26T14:05:46.000Z,【ARK】最強の恐竜使いうさぎがホロ鯖に初上陸ぺこ！【ホロライブ/兎田ぺこら】
UC1DCedRgGHBdm81E1llLhOQ,Pekora Ch. 兎田ぺこら,quMgF5nuIDk,2020-01-28T12:01:07.660Z,2020-01-28T13:41:45.000Z,【ARK】恐竜の世界をドードー隊で天下統一するぺこ！【ホロライブ/兎田ぺこら】
UCS9uQI-jC3DE0L4IpXyvr6w,Coco Ch. 桐生ココ,UrWeq5Ie0I0,2020-01-28T13:00:02.905Z,2020-01-28T15:02:29.000Z,【#桐生ココ】ARKの世界で楽しいサバイバル！ひつじよこれが自然界だ【#角巻わため】
UCqm3BQLlJfvkTsX_hvm0UmA,Watame Ch. 角巻わため,9F-EiTC1y1s,2020-01-28T13:00:07.707Z,2020-01-28T15:02:25.000Z,【ARK】初めてのARKでドドド同棲？！【桐生ココ＆角巻わため/ホロライブ４期生】
UCXTpFs_3PqI41qX2d9tL2Rw,Shion Ch. 紫咲シオン,KfZhXF_6HiY,2020-01-29T11:02:12.626Z,2020-01-29T12:55:10.000Z,【ARK】初めての恐竜の世界！！ホロ鯖に参上！！！【ホロライブ/紫咲シオン】
UC-hM6YJuNYVAmUWxeIr9FeA,Miko Ch. さくらみこ,cn3CRrzeL7s,2020-01-29T13:02:32.675Z,2020-01-29T15:17:41.000Z,【Ark】初Arkでサバイバル生活するにぇ！！！！！【ホロライブ/さくらみこ】
UCFTLzh12_nrtzqBPsTCqenA,アキロゼCh。Vtuber/ホロライブ所属,P6KmSxx1S9A,2020-01-29T13:59:14.148Z,2020-01-29T16:09:32.000Z,初めてのARK！恐竜なら友達になってくれるって信じてる【ホロライブ/アキロゼ】
UCCzUftO8KOVkV4wQG1vkUvg,Marine Ch. 宝鐘マリン,PyamiyTVKAA,2020-01-29T13:59:52.003Z,2020-01-29T16:08:27.000Z,【ARK】ホロ鯖あくあマリンてぇてぇ大冒険💘（のはずだった）【湊あくあ/宝鐘マリン視点】
UC1opHUrw8rvnsadT-iGp7Cg,Aqua Ch. 湊あくあ,rFez_j_JnWI,2020-01-29T13:59:52.795Z,2020-01-29T16:07:20.000Z,【ARK】何も知らないくそざこ２人組がホロ鯖に旋風を巻き起こすのだ！【宝鐘マリン/湊あくあ視点】
UCdn5BQ06XqgXoAxIhbqw5Rg,フブキCh。白上フブキ,c4iNCmXk8ko,2020-01-30T07:58:26.135Z,2020-01-30T10:06:42.000Z,【Ark: Survival Evolved】爆誕キャサリンママと狐のARK
UCXTpFs_3PqI41qX2d9tL2Rw,Shion Ch. 紫咲シオン,Y_j2C4YuzkI,2020-01-30T11:01:22.307Z,2020-01-30T13:09:06.000Z,【ARK】これがサバイバルの世界！！お家作って生き残りたい。【ホロライブ/紫咲シオン】
UCZlDXzGoo7d44bwdNObFacg,Kanata Ch. 天音かなた,9YLK8EGGpTE,2020-01-30T12:00:28.677Z,2020-01-30T13:52:40.000Z,【桐生ココ＆天音かなた】原始人に、俺はなる！！！！！！【ホロライブ4期生】
UCS9uQI-jC3DE0L4IpXyvr6w,Coco Ch. 桐生ココ,_QquvsiYp_Y,2020-01-30T12:00:32.688Z,2020-01-30T13:52:22.000Z,【#桐生ココ】ARKで借り拠点は完成！ちょっと広い世界を見て回ろうか。【#天音かなた】
UC1DCedRgGHBdm81E1llLhOQ,Pekora Ch. 兎田ぺこら,cKtxGreg53o,2020-01-30T13:01:15.250Z,2020-01-30T14:52:22.000Z,【ARK】恐竜の世界を最弱からの最強ドードー隊で天下統一するぺこ！【ホロライブ/兎田ぺこら】
UCQ0UDLQCjY0rmuxCDE38FGg,Matsuri Channel 夏色まつり,2vFHysiIbMY,2020-01-30T13:57:58.841Z,2020-01-30T16:02:08.000Z,【ARK】初めてのサバイバル生活！ホロ鯖で恐竜と仲良くなる！【ホロライブ/夏色まつり】
UCCzUftO8KOVkV4wQG1vkUvg,Marine Ch. 宝鐘マリン,Qm2E3hqhNe0,2020-01-30T13:59:33.726Z,2020-01-30T15:46:22.000Z,【ARK】いざ大海原へ出航！珍しい恐竜を捕まえろ🦕【ホロライブ/宝鐘マリン】
UCFTLzh12_nrtzqBPsTCqenA,アキロゼCh。Vtuber/ホロライブ所属,6IxVQiOd66c,2020-01-30T14:01:50.903Z,2020-01-30T15:07:53.000Z,【Ark】宴編：ムキロゼ太鼓シタイ前編【ホロライブ/アキロゼ】
UChAnqc_AY5_I3Px5dig3X1Q,Korone Ch. 戌神ころね,SlmjfT89u7E,2020-01-30T14:02:17.066Z,2020-01-30T18:05:19.000Z,【ARK】へっぽこ初心者がホロ鯖を迂回するだけの配信【戌神ころね/ホロライブ】
UC-hM6YJuNYVAmUWxeIr9FeA,Miko Ch. さくらみこ,QazZL_UMj5w,2020-01-30T14:57:11.764Z,2020-01-30T17:55:47.000Z,#2【ぽんこつArk】全ロスせずに生き抜ける仲間をつくる！！！【ホロライブ/さくらみこ】
UCdn5BQ06XqgXoAxIhbqw5Rg,フブキCh。白上フブキ,nHT8UgKNlek,2020-01-30T15:57:59.000Z,2020-01-30T18:13:54.000Z,【Ark: Survival Evolved】鉄を扱えるようになったオネェと狐
UCQ0UDLQCjY0rmuxCDE38FGg,Matsuri Channel 夏色まつり,VvJboXNV33Q,2020-01-30T17:40:58.617Z,2020-01-30T20:55:48.000Z,【ARK】深夜にまったり生活水準を上げる(&#39;ω&#39;)【ホロライブ/夏色まつり】
UCCzUftO8KOVkV4wQG1vkUvg,Marine Ch. 宝鐘マリン,3lTSaex5vr0,2020-01-31T03:59:43.013Z,2020-01-31T08:05:05.000Z,【ARK】💘モーターボート目指したり、強い恐竜捕まえたり🦕【ホロライブ/宝鐘マリン】
UC-hM6YJuNYVAmUWxeIr9FeA,Miko Ch. さくらみこ,AufyutQNyEk,2020-01-31T06:01:38.034Z,2020-01-31T09:16:59.000Z,#3【ぽんこつArk】えりーとなみこの拠点を作るにぇ！！！！！【ホロライブ/さくらみこ】
UCXTpFs_3PqI41qX2d9tL2Rw,Shion Ch. 紫咲シオン,37ryjzY9PE0,2020-01-31T10:02:57.337Z,2020-01-31T12:52:56.000Z,【ARK】空を飛んで大冒険！！仲間を増やして生きる！【ホロライブ/紫咲シオン】
UCCzUftO8KOVkV4wQG1vkUvg,Marine Ch. 宝鐘マリン,ePiRDXav8qo,2020-01-31T10:59:46.600Z,2020-01-31T12:47:38.000Z,【ARK】💘えむえむGOで未開拓地大冒険🦕✨【ホロライブ/宝鐘マリン・夏色まつり】
UC1opHUrw8rvnsadT-iGp7Cg,Aqua Ch. 湊あくあ,_WhHvDiNjn4,2020-01-31T11:01:27.864Z,2020-01-31T13:35:42.000Z,【ARK】目指せ最強種！わらしべテイム大作戦で生態系の頂点を目指すのだ！【湊あくあ】
UC1DCedRgGHBdm81E1llLhOQ,Pekora Ch. 兎田ぺこら,TjfDQhe2vOM,2020-01-31T13:00:34.927Z,2020-01-31T14:15:12.000Z,【ARK】化け物級を募集中！大冒険の始まりぺこ！【ホロライブ/兎田ぺこら】
UCFTLzh12_nrtzqBPsTCqenA,アキロゼCh。Vtuber/ホロライブ所属,XnvQkYVUUjM,2020-01-31T13:59:07.774Z,2020-01-31T15:55:12.000Z,【Ark】宴編：打ち鳴らせえええええぇえ！！【ホロライブ/アキロゼ】
UCqm3BQLlJfvkTsX_hvm0UmA,Watame Ch. 角巻わため,Ha4c7Qig8RY,2020-01-31T14:01:17.928Z,2020-01-31T18:07:34.000Z,【ARK】恐竜のおともだちがほしい！！！【角巻わため/ホロライブ４期生】
UCvzGlP9oQwU--Y0r9id_jnA,Subaru Ch. 大空スバル,tUD46kVJH58,2020-01-31T14:08:27.390Z,2020-01-31T15:55:39.000Z,【初心者🔰】ティラノサウルスの神になる！！！！！【ARK】
UCdn5BQ06XqgXoAxIhbqw5Rg,フブキCh。白上フブキ,7jLZLpyq1h4,2020-01-31T15:28:11.000Z,2020-01-31T18:08:36.000Z,【Ark: Survival Evolved】キラキラの水晶を求めるオネェと狐
UCZlDXzGoo7d44bwdNObFacg,Kanata Ch. 天音かなた,R7w7bCmQP-8,2020-01-31T17:03:01.363Z,2020-01-31T22:14:39.000Z,【ARK】初心者でも恐竜とお友達になりたい！！！！！【天音かなた/ホロライブ4期生】
UChAnqc_AY5_I3Px5dig3X1Q,Korone Ch. 戌神ころね,uOIRj-uaEAY,2020-01-31T17:19:58.031Z,2020-02-01T00:28:45.000Z,【ARK】２回目！恐竜園作りたい！！真夜中の作業配信【戌神ころね/ホロライブ】
UC1opHUrw8rvnsadT-iGp7Cg,Aqua Ch. 湊あくあ,49873YyLoPo,2020-02-01T03:05:33.060Z,2020-02-01T08:04:36.000Z,【ARK】未知なる夢を求めて！生態系の頂点『REX』の力に震えろ！【湊あくあ】
UCdn5BQ06XqgXoAxIhbqw5Rg,フブキCh。白上フブキ,5semuPLj2UI,2020-02-01T05:00:15.000Z,2020-02-01T08:33:51.000Z,【Ark: Survival Evolved】家庭菜園をはじめたオネェと狐
UC1DCedRgGHBdm81E1llLhOQ,Pekora Ch. 兎田ぺこら,544Akmb1Rfs,2020-02-01T05:00:36.602Z,2020-02-01T08:15:19.000Z,【ARK】未知なる地へ！悪魔の力で大暴れぺこ！【ホロライブ/兎田ぺこら】
UC-hM6YJuNYVAmUWxeIr9FeA,Miko Ch. さくらみこ,VQSLBMg800k,2020-02-01T07:01:11.878Z,2020-02-01T07:06:41.000Z,#4【ぽんこつArk】プテラノドンを仲間にしたにぇ！強い戦士をテイムしたい！【ホロライブ/さくらみこ】
UC-hM6YJuNYVAmUWxeIr9FeA,Miko Ch. さくらみこ,PPq5_RvWgmc,2020-02-01T07:08:15.023Z,2020-02-01T10:40:21.000Z,#4【ぽんこつArk】プテラノドンを仲間にしたにぇ！強い戦士をテイムしたい！【ホロライブ/さくらみこ】
UCCzUftO8KOVkV4wQG1vkUvg,Marine Ch. 宝鐘マリン,WYGWIIDtzb4,2020-02-01T09:00:38.244Z,2020-02-01T13:07:59.000Z,【ARK】洞窟と水晶と目指せ電気の時代⚡【ホロライブ/宝鐘マリン】
UCdyqAaZDKHXg4Ahi7VENThQ,Noel Ch. 白銀ノエル,9JxcVW1jLPs,2020-02-01T10:02:10.450Z,2020-02-01T11:49:29.000Z,【ARK】初見！！脳筋女騎士がARKの世界にいざ参戦ッ！【白銀ノエル/ホロライブ】
UCS9uQI-jC3DE0L4IpXyvr6w,Coco Ch. 桐生ココ,hmhiYrPxZOk,2020-02-01T12:00:05.649Z,2020-02-01T14:04:01.000Z,【コラボ解禁記念】夏色まつりパイセンと初ガチコラボ！2日間寝てない人のガチARK！【#ココ夏】
UChAnqc_AY5_I3Px5dig3X1Q,Korone Ch. 戌神ころね,qJ0m2gn3lg4,2020-02-01T13:00:38.155Z,2020-02-01T16:15:47.000Z,【ARK】３回目！空飛びたい！海に出たい！【戌神ころね/ホロライブ】
UCvaTdHTWBGv3MKj3KVqJVCw,Okayu Ch. 猫又おかゆ,s3GMaFClHJU,2020-02-01T13:58:14.061Z,2020-02-01T15:57:08.000Z,【Ark】恐竜と戯れザウルス🦖【ホロライブ/猫又おかゆ】
UCFTLzh12_nrtzqBPsTCqenA,アキロゼCh。Vtuber/ホロライブ所属,5lO8t_MjGfU,2020-02-01T14:04:35.383Z,2020-02-01T16:17:25.000Z,㊗収益復活祭！！！！！【Ark】宴編：感謝祭【ホロライブ/アキロゼ】
UC-hM6YJuNYVAmUWxeIr9FeA,Miko Ch. さくらみこ,auH62Vl68vc,2020-02-01T16:05:39.325Z,2020-02-01T20:29:44.000Z,#5【ぽんこつArk】深夜にコツコツ原始人生活を発展するにぇ！【ホロライブ/さくらみこ】
UCa9Y57gfeY0Zro_noHRVrnw,Luna Ch. 姫森ルーナ,J-Xr3g2JX_0,2020-02-02T01:59:55.954Z,2020-02-02T07:52:24.000Z,【ARK】初めての恐竜の世界を大冒険するなのら🦕【姫森ルーナ/ホロライブ】
UC1opHUrw8rvnsadT-iGp7Cg,Aqua Ch. 湊あくあ,mynRChb9c_k,2020-02-02T02:03:03.291Z,2020-02-02T05:26:41.000Z,【ARK】まだ見ぬ新拠点を目指して！あくあREX調査兵団出撃なのだ！！【湊あくあ】
UCdyqAaZDKHXg4Ahi7VENThQ,Noel Ch. 白銀ノエル,hEh9O5CYsiY,2020-02-02T03:59:31.619Z,2020-02-02T07:09:32.000Z,【ARK】千里の道も一歩から！団長も早く原始に適応したい💪【白銀ノエル/ホロライブ】
UCZlDXzGoo7d44bwdNObFacg,Kanata Ch. 天音かなた,KbjocHTeAYk,2020-02-02T06:00:11.440Z,2020-02-02T08:46:22.000Z,【ARK】空飛ぶ恐竜をつかまえて飛んでいくホロライブ！！！！【天音かなた/ホロライブ4期生】
UC1DCedRgGHBdm81E1llLhOQ,Pekora Ch. 兎田ぺこら,cXwBO0YRIVw,2020-02-02T06:00:48.245Z,2020-02-02T10:00:55.000Z,【ARK】新人巨大恐竜が大暴れ！！！新たなつよつよ仲間も増やすぺこ【ホロライブ/兎田ぺこら】
UCCzUftO8KOVkV4wQG1vkUvg,Marine Ch. 宝鐘マリン,YSx-pfTthBA,2020-02-02T07:00:14.591Z,2020-02-02T10:02:10.000Z,【ARK】初交配チャレンジ💘性の喜びを知ろう✌【ホロライブ/宝鐘マリン・桐生ココ】
UCDqI2jOz0weumE8s7paEk6g,Roboco Ch. - ロボ子,MNXytRwgCRQ,2020-02-02T09:00:21.000Z,2020-02-02T13:26:39.000Z,【🔰初心者ARK】第一歩/1｜ガチ初心者の二人がホロ鯖ARKにいざ👣【ホロライブ/ロボ子さん】
UCl_gCybOJRIgOXw6Qb4qJzQ,Rushia Ch. 潤羽るしあ,RuV1oT8xPvw,2020-02-02T09:01:01.000Z,2020-02-02T14:40:42.000Z,【ARK】初心者二人！初めての恐竜の世界…ろぼ先輩といざまい！！！る！！！！！ろ！！【ホロライブ/潤羽るしあ】
UC5CwaMl1eIgY8h02uZw7u8A,Suisei Channel,2BH8Msl_BYw,2020-02-02T09:30:56.560Z,2020-02-02T10:48:54.000Z,【ARK】アイドルがサバイバルに挑戦！？【ホロライブ/星街すいせい】
UCqm3BQLlJfvkTsX_hvm0UmA,Watame Ch. 角巻わため,KcvuHZVLE9U,2020-02-02T10:00:36.833Z,2020-02-02T12:41:29.000Z,【ARK】まつり先輩と！お城が作りたい！【夏色まつり先輩＆角巻わため/ホロライブ４期生】
UC-hM6YJuNYVAmUWxeIr9FeA,Miko Ch. さくらみこ,4mY0uvWhLlg,2020-02-02T10:00:42.469Z,2020-02-02T15:15:40.000Z,#6【ぽんこつArk】みんなが頑張ってる間､牢屋で気絶してました。～アルゲン捕獲編～【ホロライブ/さくらみこ】
UCDqI2jOz0weumE8s7paEk6g,Roboco Ch. - ロボ子,_CzNf4mbwHk,2020-02-02T13:29:01.000Z,2020-02-02T14:40:56.000Z,【🔰初心者ARK/2】第一歩｜ガチ初心者の二人がホロ鯖ARKにいざ👣【ホロライブ/ロボ子さん】
UC1CfXB_kRs3C-zaeTG3oGyg,Haato Channel 赤井はあと,W1pezP_cI4w,2020-02-02T15:01:51.000Z,2020-02-02T17:01:21.000Z,【ARK】初ARKホロ鯖デビュー！全員打ち首よ～！【ホロライブ/赤井はあと】
UCdn5BQ06XqgXoAxIhbqw5Rg,フブキCh。白上フブキ,ydNkFmQVpY0,2020-02-02T15:05:57.637Z,2020-02-02T17:48:44.000Z,【#とまらないARK】◯糞アイドルを卒業させたいオネェと狐
UCZlDXzGoo7d44bwdNObFacg,Kanata Ch. 天音かなた,pHMumIDypSQ,2020-02-02T15:47:05.900Z,2020-02-02T20:51:16.000Z,【ARK】サドルを作って空を飛べ！！！！！！【天音かなた/ホロライブ4期生】
UCqm3BQLlJfvkTsX_hvm0UmA,Watame Ch. 角巻わため,5OVP7AsNT8I,2020-02-02T17:37:23.388Z,2020-02-02T20:38:38.000Z,【ARK】三角関係の３人がてぇてぇ作業配信？！？！？！【赤井はあと先輩＆夏色まつり先輩＆角巻わため/ホロライブ４期生】
UCQ0UDLQCjY0rmuxCDE38FGg,Matsuri Channel 夏色まつり,r0VBSvkcV7s,2020-02-03T05:58:14.820Z,2020-02-03T07:38:04.000Z,【ARK】旋盤を実装して生活水準あげあげ！！人類の発展を刮目せよ！【ホロライブ/夏色まつり】
UCDqI2jOz0weumE8s7paEk6g,Roboco Ch. - ロボ子,OxJC0vBEDC8,2020-02-03T07:02:47.000Z,2020-02-03T10:57:52.000Z,【🔰初心者ARK】第二歩｜恐竜を飼いたい！！！！！！【ホロライブ/ロボ子さん】
UCdn5BQ06XqgXoAxIhbqw5Rg,フブキCh。白上フブキ,B_-kvZFpXb8,2020-02-03T08:01:04.000Z,2020-02-03T09:00:54.000Z,【Ark: Survival Evolved】夏色吹雪のビーバー捕獲作戦!!!!!!【#とまらないARK】
UCS9uQI-jC3DE0L4IpXyvr6w,Coco Ch. 桐生ココ,krpej-JRYng,2020-02-03T08:02:12.820Z,2020-02-03T10:33:27.000Z,【#湊あくあ#兎田ぺこら】#ホロARK廃人勢 の先輩3人と緊急コラボ！大怪鳥TEKケツァルを捕まえろ！【#宝鐘マリン#桐生ココ】
UC1opHUrw8rvnsadT-iGp7Cg,Aqua Ch. 湊あくあ,Geo99e23RtM,2020-02-03T08:02:30.136Z,2020-02-03T10:34:09.000Z,【ARK】TEKケツァル捕獲作戦！絶対に捕まえて私たちは伝説になるんだ・・！！【#ホロARK廃人勢】
UCl_gCybOJRIgOXw6Qb4qJzQ,Rushia Ch. 潤羽るしあ,3cyUa3H42Ig,2020-02-03T10:00:31.000Z,2020-02-03T12:01:57.000Z,【ARK】原始るしあ、恐竜つかまえたりしたい！！！！！！！！！！【ホロライブ/潤羽るしあ】
UCa9Y57gfeY0Zro_noHRVrnw,Luna Ch. 姫森ルーナ,HVpwhApv-fk,2020-02-03T10:59:52.332Z,2020-02-03T18:10:52.000Z,【ARK】プテラに乗って大空を羽ばたきたいなのら🦕【姫森ルーナ/ホロライブ】
UCXTpFs_3PqI41qX2d9tL2Rw,Shion Ch. 紫咲シオン,PDvxKio33vA,2020-02-03T11:06:47.318Z,2020-02-03T13:42:43.000Z,【ARK】肉食恐竜捕獲目指して協力💓初コラボ！！【ホロライブ/紫咲シオン/桐生ココ】
UC-hM6YJuNYVAmUWxeIr9FeA,Miko Ch. さくらみこ,jp2uylseMXc,2020-02-03T11:14:51.814Z,2020-02-03T17:48:43.000Z,#7【ぽんこつArk】新たな仲間をテイム！カワウソちゃんほちい！【ホロライブ/さくらみこ】
UCvzGlP9oQwU--Y0r9id_jnA,Subaru Ch. 大空スバル,UmUyPHK4r3c,2020-02-03T13:01:51.158Z,2020-02-03T14:53:12.000Z,【初！！】ARK！！！最強拠点を作ってぼろ儲けッス！！！！【ホロ鯖】
UCZlDXzGoo7d44bwdNObFacg,Kanata Ch. 天音かなた,hzBoNtBihdE,2020-02-03T14:00:26.912Z,2020-02-03T20:44:18.000Z,【ARK】まつり先輩、結局4期生の中で誰が好きなんですか……？？？【夏色まつり＆天音かなた/ホロライブ】
UCdn5BQ06XqgXoAxIhbqw5Rg,フブキCh。白上フブキ,kJSoXTnZ2Gk,2020-02-03T14:03:21.117Z,2020-02-03T17:30:33.000Z,【Ark】もう一度ヒツジに会いたいオネェと狐【#とまらないARK】
UCFTLzh12_nrtzqBPsTCqenA,アキロゼCh。Vtuber/ホロライブ所属,5Ezi_z0lzK4,2020-02-04T03:59:29.451Z,2020-02-04T07:03:22.000Z,【Ark】冒険編：ついにFly Awayする！？【ホロライブ/ #夏アッキー 】
UCl_gCybOJRIgOXw6Qb4qJzQ,Rushia Ch. 潤羽るしあ,46pHsZKgtuI,2020-02-04T07:59:55.000Z,2020-02-04T08:23:31.000Z,【ARK】全滅からの悲劇【ホロライブ/潤羽るしあ】
UCl_gCybOJRIgOXw6Qb4qJzQ,Rushia Ch. 潤羽るしあ,z3pRAE85bb8,2020-02-04T09:02:51.000Z,2020-02-04T10:40:57.000Z,【ARK】アプデオワ！？全滅したから恐竜捕まえる！！！！！！【ホロライブ/潤羽るしあ】
UC-hM6YJuNYVAmUWxeIr9FeA,Miko Ch. さくらみこ,VX-odE_utm4,2020-02-04T10:01:53.641Z,2020-02-04T13:26:07.000Z,#8【ぽんこつArk】ARK最速生物！？グリフォンをテイムしたい！！！【ホロライブ/さくらみこ】
UCXTpFs_3PqI41qX2d9tL2Rw,Shion Ch. 紫咲シオン,4FKPnxFn_T0,2020-02-04T10:02:31.977Z,2020-02-04T13:34:25.000Z,【ARK】健康的に生きるには、農業だ！！※そしてペット探し【ホロライブ/紫咲シオン】
UC1opHUrw8rvnsadT-iGp7Cg,Aqua Ch. 湊あくあ,EIMl9WHpCr4,2020-02-04T11:04:11.548Z,2020-02-04T15:24:25.000Z,【ARK】まさかの全身ギリースーツ！？科学の力で恐竜を屈服させるのだ！！！【湊あくあ】
UCdn5BQ06XqgXoAxIhbqw5Rg,フブキCh。白上フブキ,Awc0MzFiAVA,2020-02-04T11:57:45.369Z,2020-02-04T14:09:23.000Z,【ARK】ARKの洗礼を受けたオネェと狐【#とまらないARK】
UC5CwaMl1eIgY8h02uZw7u8A,Suisei Channel,Vtr7dzBg_04,2020-02-04T13:00:59.983Z,2020-02-04T14:27:14.000Z,【ARK】恐竜で空を飛びたい!!!🦖【ホロライブ/星街すいせい】
UC1DCedRgGHBdm81E1llLhOQ,Pekora Ch. 兎田ぺこら,soOrfFxUg_Q,2020-02-04T13:01:11.192Z,2020-02-04T20:47:03.000Z,【ARK】もうすぐ水中デビュー！！水陸両用ウサギになｒゴボボボボボぺご！【ホロライブ/兎田ぺこら】
UCFTLzh12_nrtzqBPsTCqenA,アキロゼCh。Vtuber/ホロライブ所属,2o7aA_7NqI0,2020-02-04T14:37:20.712Z,2020-02-04T17:18:56.000Z,【Ark】冒険編：異世界の戦士だと思い込んでいたムキロゼがヒモ男として堕ちる物語【ホロライブ/アキロゼ 】
UCZlDXzGoo7d44bwdNObFacg,Kanata Ch. 天音かなた,eNy_IhA2ij8,2020-02-04T18:11:26.435Z,2020-02-04T19:17:31.000Z,【ARK】文明開化の音がする…空を飛んで素材集め！！！【天音かなた/ホロライブ4期生】
UCdn5BQ06XqgXoAxIhbqw5Rg,フブキCh。白上フブキ,5RW1HQHg6W4,2020-02-04T22:00:51.927Z,2020-02-05T00:37:01.000Z,【ARK】早朝から働くオネェと狐【#とまらないARK】
UCl_gCybOJRIgOXw6Qb4qJzQ,Rushia Ch. 潤羽るしあ,fzIQwXLYlPM,2020-02-05T06:00:41.000Z,2020-02-05T08:05:05.000Z,【ARK】初めて！恐竜にのって空！！！飛ぶ！！！！！よ！！！！！【ホロライブ/潤羽るしあ】
UC-hM6YJuNYVAmUWxeIr9FeA,Miko Ch. さくらみこ,jOSzn99Rn10,2020-02-05T07:59:53.572Z,2020-02-05T15:09:04.000Z,#9【ぽんこつArk】ARK生物大体運送！ケツァルさんをみこもテイムしたい！【ホロライブ/さくらみこ】
UCCzUftO8KOVkV4wQG1vkUvg,Marine Ch. 宝鐘マリン,IzBeFQ1tB8I,2020-02-05T09:00:13.988Z,2020-02-05T12:58:26.000Z,【ARK】モンスターボールつくってみたい💘ARK作業雑談🦕【ホロライブ/宝鐘マリン】
UC1DCedRgGHBdm81E1llLhOQ,Pekora Ch. 兎田ぺこら,c88Lb3dRpfc,2020-02-05T11:01:03.960Z,2020-02-05T13:22:03.000Z,【ARK】深海きｔらああああ！海を制覇してやるぺこ！【ホロライブ/兎田ぺこら】
UCdyqAaZDKHXg4Ahi7VENThQ,Noel Ch. 白銀ノエル,LYnSX_y_d2g,2020-02-05T11:59:36.501Z,2020-02-05T15:19:09.000Z,【ARK#03】農場作って家族を増やして...団長は平和に暮らしたい...【白銀ノエル/ホロライブ】
UCFTLzh12_nrtzqBPsTCqenA,アキロゼCh。Vtuber/ホロライブ所属,Jvk8d9OWHiU,2020-02-05T14:59:17.739Z,2020-02-05T18:54:11.000Z,【Ark】冒険編：ルーナちゃんと初コラボ！アルゲンを可愛く捕まえちゃおう！【ホロライブ/アキロゼ×姫森ルーナ 】
UCa9Y57gfeY0Zro_noHRVrnw,Luna Ch. 姫森ルーナ,WbnvxTS_y_0,2020-02-05T15:00:36.180Z,2020-02-05T18:53:36.000Z,【ARK】#林檎と姫 ２人でアルゲン捕獲するなのら🍎🍬【姫森ルーナ/アキ・ローゼンタール/ホロライブ】
UC-hM6YJuNYVAmUWxeIr9FeA,Miko Ch. さくらみこ,If8NoFAkxSI,2020-02-05T16:30:15.276Z,2020-02-05T20:46:12.000Z,#9【ぽんこつArk】延長戦🔥TEKケツァルさんをみこもテイムしたい！【ホロライブ/さくらみこ】
UCZlDXzGoo7d44bwdNObFacg,Kanata Ch. 天音かなた,WrOdtPU7uEw,2020-02-05T17:45:53.711Z,2020-02-05T19:56:34.000Z,【ARK】原油をたくさん集めたい！！！！【天音かなた/ホロライブ4期生】
UCdn5BQ06XqgXoAxIhbqw5Rg,フブキCh。白上フブキ,d4YPFMLt6Pw,2020-02-05T21:59:32.000Z,2020-02-06T00:04:26.000Z,【ARK】早朝から農業に勤しむオネェと狐【#とまらないARK】
UCFTLzh12_nrtzqBPsTCqenA,アキロゼCh。Vtuber/ホロライブ所属,OmhkEzGa5JA,2020-02-06T02:58:15.760Z,2020-02-06T05:24:31.000Z,【Ark】ムキロゼ愛のマーキングベッド編【ホロライブ/アキロゼ 】
UCdyqAaZDKHXg4Ahi7VENThQ,Noel Ch. 白銀ノエル,oLVY_HCjjN8,2020-02-06T03:59:44.967Z,2020-02-06T06:46:03.000Z,【ゲリラARK】空を自由に飛びたいなあ～♪(サドル材料集めるよ！)【白銀ノエル/ホロライブ】
UCDqI2jOz0weumE8s7paEk6g,Roboco Ch. - ロボ子,Eyx9kyE91HA,2020-02-06T08:59:22.000Z,2020-02-06T12:19:14.000Z,【ARK】ロボ子、新しいところに行きたい！！！！！！！【ホロライブ/ロボ子さん】
UCdyqAaZDKHXg4Ahi7VENThQ,Noel Ch. 白銀ノエル,r_GK--WgGiQ,2020-02-06T12:00:28.874Z,2020-02-06T14:45:13.000Z,【ARK】サドル完成！それゆけ！お空へ冒険だ～ッ！【白銀ノエル/ホロライブ】
UCvzGlP9oQwU--Y0r9id_jnA,Subaru Ch. 大空スバル,MndFEme2vlM,2020-02-06T14:01:28.866Z,2020-02-06T15:55:55.000Z,【ARK】最早なんでもいいからテイムしたいスバルさま【ホロ鯖】
UC-hM6YJuNYVAmUWxeIr9FeA,Miko Ch. さくらみこ,gb_NsXSgAVg,2020-02-06T19:40:52.289Z,2020-02-06T20:45:34.000Z,#10【ぽんこつArk】早起きArk､空の旅へお散歩するにぇ。【ホロライブ/さくらみこ】
UCS9uQI-jC3DE0L4IpXyvr6w,Coco Ch. 桐生ココ,EsgpYdmkQmc,2020-02-06T22:00:16.621Z,2020-02-07T02:47:09.000Z,【#桐生ココ】会長の本気建築はじまる！マップの中心に拠点を建てろ！【#ココここ】
UC-hM6YJuNYVAmUWxeIr9FeA,Miko Ch. さくらみこ,E6L6Eo_T-os,2020-02-07T04:00:56.430Z,2020-02-07T08:56:34.000Z,#11【ぽんこつArk】良拠点！？要塞拠点作りをはじめ隊！～素材集め～【ホロライブ/さくらみこ】
UCXTpFs_3PqI41qX2d9tL2Rw,Shion Ch. 紫咲シオン,AvP0HKf3GkI,2020-02-07T09:00:37.240Z,2020-02-07T10:11:35.000Z,【ARK】1時間以内にアルゲン捕獲できるのか....！？【ホロライブ/紫咲シオン】
UC1opHUrw8rvnsadT-iGp7Cg,Aqua Ch. 湊あくあ,0POlgtVJMu0,2020-02-07T09:05:36.729Z,2020-02-07T11:53:35.000Z,【ARK】最強種？REXを超える竜王『ギガノトサウルス』捕獲作戦なのだ！【湊あくあ】
UCCzUftO8KOVkV4wQG1vkUvg,Marine Ch. 宝鐘マリン,giXsXKEWNAI,2020-02-07T10:00:45.236Z,2020-02-07T14:43:38.000Z,【ARK】ぺこマリ💘ワイバーンのミルク・卵泥棒＆育成計画🔥【ホロライブ/宝鐘マリン/兎田ぺこら】
UC1DCedRgGHBdm81E1llLhOQ,Pekora Ch. 兎田ぺこら,5pvU-PUeuH8,2020-02-07T10:00:53.161Z,2020-02-07T14:42:42.000Z,【ARK】ぺこまり盗賊団参上！ワイバーンの卵をいただくぺこ！【ホロライブ/兎田ぺこら】
UCvaTdHTWBGv3MKj3KVqJVCw,Okayu Ch. 猫又おかゆ,RqdTLRq6_DM,2020-02-07T13:59:52.305Z,2020-02-07T16:21:18.000Z,【Ark】のんびり家建てようね〜〜【ホロライブ/猫又おかゆ】
UCl_gCybOJRIgOXw6Qb4qJzQ,Rushia Ch. 潤羽るしあ,82JhMeeu138,2020-02-07T16:00:14.000Z,2020-02-07T19:56:51.000Z,ホロ鯖【ARK】深夜のまったり時々ばたばたARK！！！色々しおおおおお【ホロライブ/潤羽るしあ】
UCdn5BQ06XqgXoAxIhbqw5Rg,フブキCh。白上フブキ,P7jMew7GGHo,2020-02-07T16:28:42.064Z,2020-02-07T18:45:36.000Z,【ARK】やっぱり恐竜だなと思い知らされたオネェと狐【#とまらないARK】
UCdn5BQ06XqgXoAxIhbqw5Rg,フブキCh。白上フブキ,fHIiXZXIR8s,2020-02-08T06:00:52.234Z,2020-02-08T08:17:01.000Z,【ARK】のんびりと島で過ごすオネェと狐【#とまらないARK】
UCdyqAaZDKHXg4Ahi7VENThQ,Noel Ch. 白銀ノエル,n6TBP8WLVRY,2020-02-08T07:00:18.539Z,2020-02-08T09:45:50.000Z,【ARK】女騎士のお供といったら...！馬をテイムして駆け抜けたいッ！【白銀ノエル/ホロライブ】
UC1DCedRgGHBdm81E1llLhOQ,Pekora Ch. 兎田ぺこら,iI9w6DG0flo,2020-02-08T14:00:45.840Z,2020-02-08T16:39:39.000Z,【ARK】激闘のワイバーン&メカティラノ交配！！ぺこ！！！【ホロライブ/兎田ぺこら】
UC-hM6YJuNYVAmUWxeIr9FeA,Miko Ch. さくらみこ,g1C6fTHKH00,2020-02-08T15:01:00.520Z,2020-02-08T19:50:12.000Z,#12【ぽんこつArk】光の柱を巡るガチャ配信🌟つよつよ装備をゲットしたいにぇ！【ホロライブ/さくらみこ】
UCa9Y57gfeY0Zro_noHRVrnw,Luna Ch. 姫森ルーナ,atArBze_i9A,2020-02-08T16:20:41.897Z,2020-02-08T19:15:20.000Z,【ARK】#フェスティバルーナ さて、狩るか…🦖🦕【姫森ルーナ/夏色まつり/ホロライブ】
UC1uv2Oq6kNxgATlCiez59hw,Towa Ch. 常闇トワ,nVEPa8ydmN0,2020-02-08T23:01:51.574Z,2020-02-09T00:25:33.000Z,【ARK】初めまして！恐竜たち！悪魔の登場だ【#常闇トワ/ホロライブ】
UCdyqAaZDKHXg4Ahi7VENThQ,Noel Ch. 白銀ノエル,mTO5XByqnlw,2020-02-09T04:00:46.511Z,2020-02-09T06:51:46.000Z,【ARK】今度こそ！！お馬さん捕獲リベンジ！！【白銀ノエル/ホロライブ】
UCdn5BQ06XqgXoAxIhbqw5Rg,フブキCh。白上フブキ,k9fJg_TxDNA,2020-02-09T05:59:40.954Z,2020-02-09T09:17:23.000Z,ARK】ワイバーンのタマゴを強奪するオネェと狐【#とまらないARK】
UCXTpFs_3PqI41qX2d9tL2Rw,Shion Ch. 紫咲シオン,YA_BXtzBeJk,2020-02-09T09:35:21.491Z,2020-02-09T12:38:47.000Z,【ARK】ワイバーンの卵を盗みたい！！泥棒します！【ホロライブ/紫咲シオン】
UC-hM6YJuNYVAmUWxeIr9FeA,Miko Ch. さくらみこ,49Tfog9lJkk,2020-02-09T13:00:56.251Z,2020-02-09T15:41:19.000Z,#13【Arkコラボ】ワイバーンのママになり隊！ワイバーン母からミルクを奪え！！！！【白上フブキ/さくらみこ/紫咲シオン】
UC1DCedRgGHBdm81E1llLhOQ,Pekora Ch. 兎田ぺこら,LrZhPU-5Kg0,2020-02-09T14:02:05.579Z,2020-02-09T17:15:31.000Z,【ARK】ぐ...ぐるじい！！海の大王クラーケンと激闘ぺこ！！！！【ホロライブ/兎田ぺこら】
UC5CwaMl1eIgY8h02uZw7u8A,Suisei Channel,cuS_1OhBiEk,2020-02-09T14:45:19.216Z,2020-02-09T17:15:30.000Z,【ARK】サドルもできたしプテラで初遠出！！(企画倒れしなかった)【ホロライブ/星街すいせい】
UCQ0UDLQCjY0rmuxCDE38FGg,Matsuri Channel 夏色まつり,2b2V9TlWVyc,2020-02-10T03:01:49.187Z,2020-02-10T05:17:58.000Z,【ARK】空で生活したくないですか？まつりは超したいんですけど！！【ホロライブ/夏色まつり】
UCDqI2jOz0weumE8s7paEk6g,Roboco Ch. - ロボ子,YdTrbLoXUWw,2020-02-10T03:01:50.000Z,2020-02-10T05:18:00.000Z,【ARK】初心者でも空の帝王『ケツァルコアトルス』を捕まえたい！！！【ホロライブ/ロボ子さん】
UCFTLzh12_nrtzqBPsTCqenA,アキロゼCh。Vtuber/ホロライブ所属,OpUNNfti_Hs,2020-02-10T03:02:10.577Z,2020-02-10T05:17:55.000Z,【Ark】空の覇者編：ケツァルコアトル大作戦【ロボ子さん/夏色まつり/アキロゼ 】
UC1CfXB_kRs3C-zaeTG3oGyg,Haato Channel 赤井はあと,Vm2tC03WUu0,2020-02-10T06:08:08.512Z,2020-02-10T09:16:15.000Z,【ARK】恐竜を飼いならして強くなる！！！【ホロライブ/赤井はあと】
UC-hM6YJuNYVAmUWxeIr9FeA,Miko Ch. さくらみこ,OJZ0hg8FwuM,2020-02-10T11:05:59.482Z,2020-02-10T15:16:04.000Z,#14【ぽんこつArk | ラグナロク】ついにライトニングとアイスワイバーンを孵化！✨狭くなったので新拠点にお引越しじゃい！【ホロライブ/さくらみこ】
UCZlDXzGoo7d44bwdNObFacg,Kanata Ch. 天音かなた,FL-8I-17i3A,2020-02-10T11:07:00.539Z,2020-02-10T12:00:17.000Z,【ARK】ぽんこつ探検！？もうちにたくない……！！！！！【天音かなた/ホロライブ4期生】
UCS9uQI-jC3DE0L4IpXyvr6w,Coco Ch. 桐生ココ,hJCPtFA_nzA,2020-02-10T22:03:06.399Z,2020-02-11T02:09:29.000Z,【#桐生ココ】神立地見つけたり！効率厨のための拠点づくりおしえちゃるよ【#ココここ】
UCa9Y57gfeY0Zro_noHRVrnw,Luna Ch. 姫森ルーナ,HSk9GgrY_R8,2020-02-11T03:00:00.934Z,2020-02-11T05:35:21.000Z,【ARK】1人でも生きていけるくらいになれたのら…？🦖【#なのらいぶ/姫森ルーナ/ホロライブ】
UC1DCedRgGHBdm81E1llLhOQ,Pekora Ch. 兎田ぺこら,vofWdMSpZTU,2020-02-11T04:00:33.797Z,2020-02-11T09:52:44.000Z,【ARK】ついに決着！？海の世界を超超超攻略ぺこ！！【ホロライブ/兎田ぺこら】
UCa9Y57gfeY0Zro_noHRVrnw,Luna Ch. 姫森ルーナ,9cADr1AwiCg,2020-02-11T05:39:53.367Z,2020-02-11T08:27:42.000Z,【ARK: Survival Evolved】農園を作るための作業配信なのら🦕【#なのらいぶ/姫森ルーナ/ホロライブ】
UC1CfXB_kRs3C-zaeTG3oGyg,Haato Channel 赤井はあと,cWkduxyuPJk,2020-02-11T06:01:30.606Z,2020-02-11T06:35:22.000Z,【おわらないARK】プテラノドン捕まえるわよ！【ホロライブ/赤井はあと】
UCdyqAaZDKHXg4Ahi7VENThQ,Noel Ch. 白銀ノエル,HjOh09xfx2s,2020-02-11T07:00:17.309Z,2020-02-11T09:56:37.000Z,【ARK】アルゲン！グリフォン！とにかく空飛ぶ恐竜を捕獲[テイム]したい！【白銀ノエル/ホロライブ】
UCl_gCybOJRIgOXw6Qb4qJzQ,Rushia Ch. 潤羽るしあ,GXs-yacpSbY,2020-02-11T09:00:41.000Z,2020-02-11T09:15:23.000Z,【ARK】ごりつよテイムを求めて・・・！！！！森にゆく・・・！！！！！！！【ホロライブ/潤羽るしあ】
UC-hM6YJuNYVAmUWxeIr9FeA,Miko Ch. さくらみこ,qUVNSWOd-Yo,2020-02-11T09:05:03.892Z,2020-02-11T10:59:10.000Z,#15【ぽんこつArk | ラグナロク】テイムリベンジ🔥ケツアルとマンモスとかテイムしたい！！【ホロライブ/さくらみこ】
UCXTpFs_3PqI41qX2d9tL2Rw,Shion Ch. 紫咲シオン,kRX9O98XA8I,2020-02-11T09:05:22.869Z,2020-02-11T12:52:36.000Z,【ARK】盗んだワイバーンの卵を孵化！！そしてママになる。【ホロライブ/紫咲シオン】
UCl_gCybOJRIgOXw6Qb4qJzQ,Rushia Ch. 潤羽るしあ,urCQ_D2OAUM,2020-02-11T09:18:55.000Z,2020-02-11T10:57:44.000Z,【ARK】gyaaaごりつよテイムを求めて・・・！！！！森にゆく・・・！！！!!！！！！【ホロライブ/潤羽るしあ】
UCZlDXzGoo7d44bwdNObFacg,Kanata Ch. 天音かなた,IW_p4NnBn5k,2020-02-11T10:02:43.991Z,2020-02-11T10:37:39.000Z,【ARK】わためが何かたくらんでるらしい…？？？？【角巻わため＆天音かなた/ホロライブ4期生】
UCqm3BQLlJfvkTsX_hvm0UmA,Watame Ch. 角巻わため,BFL-jwuim6Q,2020-02-11T10:02:46.198Z,2020-02-11T10:38:09.000Z,【ARK】わため、ちょっとやりたいことあるんだよねぇ～？【天音かなた＆角巻わため/ホロライブ４期生】
UC-hM6YJuNYVAmUWxeIr9FeA,Miko Ch. さくらみこ,uR5jTxTsGI0,2020-02-11T13:03:07.461Z,2020-02-11T20:59:39.000Z,#16【ぽんこつArk | ラグナロク】最強クマテイム！他にもたくさんテイムしたり色々したいにぇ！【ホロライブ/さくらみこ】
UC5CwaMl1eIgY8h02uZw7u8A,Suisei Channel,xvAxc5_71Gk,2020-02-11T14:02:30.609Z,2020-02-11T15:25:34.000Z,【ARK】天使と二人でサバイバルデート♥【ホロライブ/星街すいせい】
UCZlDXzGoo7d44bwdNObFacg,Kanata Ch. 天音かなた,465pM0R6LrU,2020-02-11T14:03:29.735Z,2020-02-11T15:25:39.000Z,【ARK】すいちゃん先輩にARKの楽しさを教え込むぽんこつ天使【星街すいせい＆天音かなた/ホロライブ4期生】
UCdn5BQ06XqgXoAxIhbqw5Rg,フブキCh。白上フブキ,2jfBrkwoYyA,2020-02-11T16:30:36.000Z,2020-02-11T18:11:12.000Z,【ARK】アイスワイバーンの再ポップを確認するオネェと狐【#とまらないARK】
UCQ0UDLQCjY0rmuxCDE38FGg,Matsuri Channel 夏色まつり,d8_SCAIybDY,2020-02-11T22:47:37.021Z,2020-02-12T00:01:03.000Z,【ARK】廃人の朝ははやい。まったりARK生活【ホロライブ/夏色まつり】
UCvInZx9h3jC2JzsIzoOebWg,Flare Ch. 不知火フレア,JtHNhCe6Ltc,2020-02-12T11:00:58.750Z,2020-02-12T15:33:11.000Z,【ARK】お待たせ！初めてのARKの世界！【ホロライブ/不知火フレア】
UC1DCedRgGHBdm81E1llLhOQ,Pekora Ch. 兎田ぺこら,33IC8EZYJ4A,2020-02-12T12:00:20.762Z,2020-02-12T15:12:21.000Z,【ARK】スピノサウルスが欲しいそして母と息子の感動物語ぺこ！【ホロライブ/兎田ぺこら】
UC-hM6YJuNYVAmUWxeIr9FeA,Miko Ch. さくらみこ,oLQITkOmlxA,2020-02-12T14:02:08.864Z,2020-02-12T21:01:04.000Z,#17【ぽんこつArk | ラグナロク】バレンタイン直前💓最強クマ家族をつくってあげるにぇ･･💓🐻🐻🐻【ホロライブ/さくらみこ】
UCdn5BQ06XqgXoAxIhbqw5Rg,フブキCh。白上フブキ,pcrVrUL_9Jk,2020-02-12T15:58:33.000Z,2020-02-12T18:44:15.000Z,【ARK】皆の衆、バレンタインよりアイスワイバーンだろなオネェと狐【#とまらないARK】
UCS9uQI-jC3DE0L4IpXyvr6w,Coco Ch. 桐生ココ,K6ixqa0esVI,2020-02-12T21:31:22.794Z,2020-02-12T22:17:51.000Z,【#桐生ココ】現在爆流行り中！ARKのおすすめのサーバ設定おしえるよ！みんなで楽しもう！【#とまらないARK】
UCDqI2jOz0weumE8s7paEk6g,Roboco Ch. - ロボ子,srgzmu2ZxS8,2020-02-12T23:10:01.000Z,2020-02-13T04:34:40.000Z,【ARK】わためと朝活だねぇ！！ばれんたいんそう捜索る！！！【ホロライブ/ロボ子さん】
UCqm3BQLlJfvkTsX_hvm0UmA,Watame Ch. 角巻わため,DRIDjiJibJM,2020-02-12T23:10:53.709Z,2020-02-13T04:35:12.000Z,【ARK】まさかの朝活！突発ARK？！？！？！【ロボ子先輩＆角巻わため/ホロライブ４期生】
UCDqI2jOz0weumE8s7paEk6g,Roboco Ch. - ロボ子,E5ojJKygzs0,2020-02-13T08:01:35.000Z,2020-02-13T11:28:50.000Z,【ARK】チビペット沢山あつめてやらぁ！！！！！！【ホロライブ/ロボ子さん】
UCdyqAaZDKHXg4Ahi7VENThQ,Noel Ch. 白銀ノエル,QMRF3U_8snU,2020-02-13T08:59:36.656Z,2020-02-13T12:40:13.000Z,【ARK】バレンタイン仕様💘探索したり家族増やしたり！【白銀ノエル/ホロライブ】
UCXTpFs_3PqI41qX2d9tL2Rw,Shion Ch. 紫咲シオン,qagcNPM1uLo,2020-02-13T10:02:52.588Z,2020-02-13T13:28:58.000Z,【ARK】バレンタインイベント！？ペットほしい！！【ホロライブ/紫咲シオン】
UCdn5BQ06XqgXoAxIhbqw5Rg,フブキCh。白上フブキ,GwUpaq9Clbg,2020-02-13T10:18:06.000Z,2020-02-13T11:25:44.000Z,【ARK】輪廻転生の果へ辿り着いたオネェと狐【#とまらないARK】
UCl_gCybOJRIgOXw6Qb4qJzQ,Rushia Ch. 潤羽るしあ,Ey5aYh3SSPA,2020-02-13T11:00:23.000Z,2020-02-13T13:52:38.000Z,【Ark: Survival Evolved】バレンタインイベント！！！i色違いの恐竜たくさん！遠くまでいこ！！！【ホロライブ/潤羽るしあ】
UC1DCedRgGHBdm81E1llLhOQ,Pekora Ch. 兎田ぺこら,RZzGMtDhlvw,2020-02-13T12:01:08.074Z,2020-02-13T15:11:11.000Z,【ARK】本当にバレンタインイベント開始！！全力で楽しむぺこ！！【ホロライブ/兎田ぺこら】
UCS9uQI-jC3DE0L4IpXyvr6w,Coco Ch. 桐生ココ,NxKui04aVSU,2020-02-13T13:00:05.324Z,2020-02-13T15:20:19.000Z,【#桐生ココ】建畜生の垂れ流し無言ARK作業配信【#とまらないARK】
UCvInZx9h3jC2JzsIzoOebWg,Flare Ch. 不知火フレア,02U0eZ14aqw,2020-02-13T13:00:30.134Z,2020-02-13T15:58:48.000Z,【ARK】始めたばっかりでも恐竜が欲しい【ホロライブ/不知火フレア】
UC-hM6YJuNYVAmUWxeIr9FeA,Miko Ch. さくらみこ,jntHBtYEwsQ,2020-02-13T14:02:30.730Z,2020-02-13T21:03:39.000Z,#18【ぽんこつArk | ラグナロク】バレンタインイベント中💓ピンクな恐竜と衣装が欲しい！【ホロライブ/さくらみこ】
UCZlDXzGoo7d44bwdNObFacg,Kanata Ch. 天音かなた,FyZ9v9MrGFY,2020-02-13T15:04:55.996Z,2020-02-13T16:01:37.000Z,【ARK】バレンタイン関係無しニキおいでええええええ！！！！【天音かなた/ホロライブ4期生】
UCDqI2jOz0weumE8s7paEk6g,Roboco Ch. - ロボ子,U8Lg0cl5DPQ,2020-02-13T15:43:12.000Z,2020-02-13T16:57:58.000Z,【ARK】失った友達を取り戻す、ていむていむていむ！【ホロライブ/ロボ子さん】
UCQ0UDLQCjY0rmuxCDE38FGg,Matsuri Channel 夏色まつり,nYVA1LdQwx8,2020-02-13T16:29:57.715Z,2020-02-13T20:10:42.000Z,【ARK】深夜の釣り配信！ちびペットワイバーンGET！！【姫森ルーナ/夏色まつり】
UCa9Y57gfeY0Zro_noHRVrnw,Luna Ch. 姫森ルーナ,-VlhmORhmKA,2020-02-13T16:30:01.943Z,2020-02-13T20:10:16.000Z,【ARK: Survival Evolved】#フェスティバルーナ ２人でペットを見つけるなのら💗【姫森ルーナ/夏色まつり/ホロライブ】
UCQ0UDLQCjY0rmuxCDE38FGg,Matsuri Channel 夏色まつり,wopNm1Nl_aw,2020-02-15T01:02:28.627Z,2020-02-15T04:59:16.000Z,【ARK】リスナーさんが観光できるように素敵な建築する！【ホロライブ/夏色まつり】
UCXTpFs_3PqI41qX2d9tL2Rw,Shion Ch. 紫咲シオン,fGcbm4NQX3k,2020-02-15T07:46:09.990Z,2020-02-15T10:06:16.000Z,【ARK】空を飛んでまだ見ぬ世界へ！！とまらないバレンタイン💘【ホロライブ/紫咲シオン】
UC-hM6YJuNYVAmUWxeIr9FeA,Miko Ch. さくらみこ,XJsM8YSNlEY,2020-02-15T12:03:03.695Z,2020-02-15T19:18:44.000Z,#18【ぽんこつArk】洞窟に向けて準備もしつつArk楽しむにぇ！🔥【ホロライブ/さくらみこ】
UCS9uQI-jC3DE0L4IpXyvr6w,Coco Ch. 桐生ココ,59LczRiElhk,2020-02-16T01:01:44.585Z,2020-02-16T03:59:44.000Z,【#桐生ココ】雑談しながら洞窟準備！捕まえるぜ！育てるぜ！バリオニクス！【#とまらないARK】
UC-hM6YJuNYVAmUWxeIr9FeA,Miko Ch. さくらみこ,411KPzsyjws,2020-02-16T11:00:57.130Z,2020-02-16T13:51:11.000Z,#20【ぽんこつArk】ラグナロク凍土洞窟へ潜入してみる！⛄クマクマ隊出動！！【ホロライブ/さくらみこ】
UCvInZx9h3jC2JzsIzoOebWg,Flare Ch. 不知火フレア,hJawEEAff1E,2020-02-16T12:01:11.506Z,2020-02-16T14:17:50.000Z,【ARK】プテラに乗りたい！＋α【ホロライブ/不知火フレア】
UC-hM6YJuNYVAmUWxeIr9FeA,Miko Ch. さくらみこ,dTUXhBoHKZs,2020-02-16T16:03:36.439Z,2020-02-16T21:01:59.000Z,#21【ぽんこつArk】深夜のクレードガチャ巡り💓凍土洞窟完走に向けて準備したりしたり･･･【ホロライブ/さくらみこ】
UCqm3BQLlJfvkTsX_hvm0UmA,Watame Ch. 角巻わため,cwUlK7JRBao,2020-02-16T17:29:02.862Z,2020-02-16T20:15:55.000Z,【ARK】わため牧場を作るための第一歩！【角巻わため/ホロライブ４期生】
UCvInZx9h3jC2JzsIzoOebWg,Flare Ch. 不知火フレア,Ml4uwtsChkg,2020-02-16T18:30:22.799Z,2020-02-17T00:01:08.000Z,【ARK】深夜にまったり素材集め！【ホロライブ/不知火フレア】
UCQ0UDLQCjY0rmuxCDE38FGg,Matsuri Channel 夏色まつり,k4iv39MJgoU,2020-02-17T01:23:53.750Z,2020-02-17T07:06:04.000Z,【ARK】ギガノトサウルス戦準備！化学作業台もつくっちゃお！！【ホロライブ/夏色まつり】
UC-hM6YJuNYVAmUWxeIr9FeA,Miko Ch. さくらみこ,NzNu5Gv2vDo,2020-02-17T13:58:07.659Z,2020-02-17T15:34:05.000Z,#22【#ぺこみここ夏】４人で陸上最恐恐竜ギガノトサウルスを捕獲せよ！【さくらみこ/兎田ぺこら/桐生ココ/夏色まつり】
UC1DCedRgGHBdm81E1llLhOQ,Pekora Ch. 兎田ぺこら,IRCJmzn5NxM,2020-02-17T14:01:19.884Z,2020-02-17T15:33:33.000Z,【ARK】ついに力を合わせて最強恐竜をテイムする時がきた・・・！ぺこ！【#ぺこみここ夏】
UCQ0UDLQCjY0rmuxCDE38FGg,Matsuri Channel 夏色まつり,tsnJOg8lkmo,2020-02-17T14:01:20.237Z,2020-02-17T15:32:46.000Z,【ARK】廃人なら余裕！？地上最強恐竜捕獲大作戦！【#ぺこみここ夏】
UCS9uQI-jC3DE0L4IpXyvr6w,Coco Ch. 桐生ココ,su9USkvYmR4,2020-02-17T14:01:35.750Z,2020-02-17T15:32:08.000Z,【#ぺこみここ夏】Lv.145 Giganotosaurus Taming！時は満ちた。廃人は集まった。行くぞ。【#とまらないARK】
UCS9uQI-jC3DE0L4IpXyvr6w,Coco Ch. 桐生ココ,AGGTZ64XEiQ,2020-02-17T21:30:47.975Z,2020-02-17T21:38:23.000Z,【#桐生ココ】う〇こ凸待ち雑談！ARKで一番大きなう〇こに出会いたい！【#とまらないARK】
UCXTpFs_3PqI41qX2d9tL2Rw,Shion Ch. 紫咲シオン,AHOcQ5LzFOI,2020-02-18T11:01:59.471Z,2020-02-18T13:33:06.000Z,【ARK】意のままに、ただやるんだ。【ホロライブ/紫咲シオン】
UC-hM6YJuNYVAmUWxeIr9FeA,Miko Ch. さくらみこ,t9hZ3EbPELs,2020-02-18T12:00:23.623Z,2020-02-18T13:28:30.000Z,#22【ぽんこつArk】今度こそ！凍土洞窟チャレンジ！⛄くまみこ隊！【ホロライブ/さくらみこ】
UCvInZx9h3jC2JzsIzoOebWg,Flare Ch. 不知火フレア,uz8zJFyE4ho,2020-02-18T12:00:50.843Z,2020-02-18T19:24:48.000Z,【ARK】アルマジロをテイムして石建築したい！【ホロライブ/不知火フレア】
UC1DCedRgGHBdm81E1llLhOQ,Pekora Ch. 兎田ぺこら,WcsigA46LJs,2020-02-18T13:01:20.314Z,2020-02-18T14:44:58.000Z,【ARK】うさぎになれるカンガルー！？洞窟アーティファクト回収し隊ぺこ！【ホロライブ/兎田ぺこら】
UCvaTdHTWBGv3MKj3KVqJVCw,Okayu Ch. 猫又おかゆ,x6fgseg2K28,2020-02-18T14:59:07.466Z,2020-02-18T16:54:48.000Z,【Ark】のんびり生活再び～～【ホロライブ/猫又おかゆ】
UCl_gCybOJRIgOXw6Qb4qJzQ,Rushia Ch. 潤羽るしあ,1Ch7970MNAo,2020-02-18T15:30:57.000Z,2020-02-18T18:44:29.000Z,【ARK】アルゲンタヴィスのために素材集めするしあ！！！【ホロライブ/潤羽るしあ】
UCD8HOxPs4Xvsm8H0ZxXGiBw,Mel Channel 夜空メルチャンネル,rKvoM3aX8xw,2020-02-18T16:00:46.000Z,2020-02-18T18:34:24.000Z,【ARK】ARKを初プレイ！魔界から夜空メル参戦！【ホロライブ/夜空メル】
UC1suqwovbL1kzsoaZgFZLKg,Choco Ch. 癒月ちょこ,rXM86IXyN3E,2020-02-18T16:03:38.000Z,2020-02-18T17:20:23.000Z,【ARK】遂にARK初参戦！いざホロ鯖へ！【ホロライブ/癒月ちょこ】
UC1suqwovbL1kzsoaZgFZLKg,Choco Ch. 癒月ちょこ,NOAWKxlI53g,2020-02-18T17:21:43.000Z,2020-02-18T17:55:26.000Z,【ARK】遂にARK初参戦！いざホロ鯖へ！【ホロライブ/癒月ちょこ】
UCZlDXzGoo7d44bwdNObFacg,Kanata Ch. 天音かなた,usYC5l9Ah5I,2020-02-19T07:00:03.720Z,2020-02-19T10:33:08.000Z,【ARK】熱いカマキリ戦の前にﾌﾟｯﾋﾟｶﾞﾝだああああ！！！！！！！【天音かなた/ホロライブ4期生】
UCDqI2jOz0weumE8s7paEk6g,Roboco Ch. - ロボ子,z2V2Fz8Vg4I,2020-02-19T08:00:57.000Z,2020-02-19T11:51:14.000Z,【ARK】友達いっぱい増やしたい！！！！！！！！！【ホロライブ/ロボ子さん】
UC-hM6YJuNYVAmUWxeIr9FeA,Miko Ch. さくらみこ,IEu3ZzjzX1U,2020-02-19T09:02:27.481Z,2020-02-19T11:56:52.000Z,【緊急会見】さくらみこ氏ゴリラパンデミック事件謝罪会見とお詫び【ホロライブ/さくらみこ】
UCdyqAaZDKHXg4Ahi7VENThQ,Noel Ch. 白銀ノエル,J3OBnCBmwp8,2020-02-19T11:58:41.596Z,2020-02-19T16:21:26.000Z,【ARK】お久しぶりARK！つよつよ恐竜テイムする！！【白銀ノエル/ホロライブ】
UCqm3BQLlJfvkTsX_hvm0UmA,Watame Ch. 角巻わため,oacCyb1KfRQ,2020-02-19T14:01:13.119Z,2020-02-19T19:39:51.000Z,【ARK】わため牧場の第二歩！みんなと洞窟に行く準備もしたい！【角巻わため/ホロライブ４期生】
UC-hM6YJuNYVAmUWxeIr9FeA,Miko Ch. さくらみこ,WWYV29VGCwA,2020-02-19T17:11:49.435Z,2020-02-19T21:01:22.000Z,＃24【ぽんこつArk】マンモスをテイム⛄洞窟準備もするにぇ～【ホロライブ/さくらみこ】
UCDqI2jOz0weumE8s7paEk6g,Roboco Ch. - ロボ子,EhFDZWmQNCk,2020-02-20T03:01:35.000Z,2020-02-20T04:50:36.000Z,【ARK】お昼のまったり文明開化【ホロライブ/ロボ子さん】
UCDqI2jOz0weumE8s7paEk6g,Roboco Ch. - ロボ子,ojNkdxkpWxE,2020-02-20T04:57:31.000Z,2020-02-20T10:04:32.000Z,【ARK】ワイバーンの卵を盗みまくる！！！！！！！！【ホロライブ/ロボ子さん】
UCS9uQI-jC3DE0L4IpXyvr6w,Coco Ch. 桐生ココ,mFTp8eS938U,2020-02-20T10:00:45.029Z,2020-02-20T13:05:36.000Z,【#桐生ココ】洞窟準備の準備！弾量産のために化学作業台がどうしても欲しい！作る！【#とまらないARK】
UCl_gCybOJRIgOXw6Qb4qJzQ,Rushia Ch. 潤羽るしあ,bicoH5KehW8,2020-02-20T11:01:13.000Z,2020-02-20T15:49:45.000Z,【ARK】奇跡的にゲットしたアルゲンが消えた・・・つよつよテイムしにいくぞい！！！！【ホロライブ/潤羽るしあ】
UCXTpFs_3PqI41qX2d9tL2Rw,Shion Ch. 紫咲シオン,WaJGz0QJXdI,2020-02-20T11:02:39.243Z,2020-02-20T13:12:38.000Z,【ARK】トラウマの雪山へ！！！いざ参る！！！！【ホロライブ/紫咲シオン】
UC1DCedRgGHBdm81E1llLhOQ,Pekora Ch. 兎田ぺこら,cKyS7x24_2k,2020-02-20T14:00:29.067Z,2020-02-20T19:18:55.000Z,【ARK】戦いのときは近づいている…！準備をせよ！！！そしてアーティファクトを回収するぺこ！【ホロライブ/兎田ぺこら】
UC1suqwovbL1kzsoaZgFZLKg,Choco Ch. 癒月ちょこ,O5apa2gpllo,2020-02-20T16:00:42.000Z,2020-02-20T21:24:18.000Z,【Ark: Survival Evolved】全ロスから始まる悪魔の保健医のARK生活【ホロライブ/癒月ちょこ】
UC-hM6YJuNYVAmUWxeIr9FeA,Miko Ch. さくらみこ,TPnGmyjIKd4,2020-02-20T16:04:39.450Z,2020-02-20T21:02:00.000Z,#25【ぽんこつArk】洞窟攻略に向けて新たな戦闘員をテイムしたり､調理したりするにぇ！【ホロライブ/さくらみこ】
UCZlDXzGoo7d44bwdNObFacg,Kanata Ch. 天音かなた,afVuvqFzX7o,2020-02-21T08:02:56.583Z,2020-02-21T09:33:36.000Z,【ARK】元太、コナンと光彦は待ち合わせ場所に来てるぞバーロー【宝鐘マリン＆天音かなた/ホロライブ】
UCDqI2jOz0weumE8s7paEk6g,Roboco Ch. - ロボ子,0TXMRccdkNg,2020-02-21T08:26:28.000Z,2020-02-21T09:57:05.000Z,【ARK】家族が増えたので『アンチ』に引っ越します【ホロライブ/ロボ子さん】
UCDqI2jOz0weumE8s7paEk6g,Roboco Ch. - ロボ子,-bUjg52Sink,2020-02-21T09:59:43.000Z,2020-02-21T10:49:01.000Z,【ARK】家族が増えたので『アンチ』に引っ越します【ホロライブ/ロボ子さん】
UC-hM6YJuNYVAmUWxeIr9FeA,Miko Ch. さくらみこ,D1AdZPg9RKE,2020-02-21T10:02:43.847Z,2020-02-21T12:00:12.000Z,#26【ぽんこつArk】凍土洞窟ソロ攻略！クイーンデスワームに挑む！【ホロライブ/さくらみこ】
UCZlDXzGoo7d44bwdNObFacg,Kanata Ch. 天音かなた,3CRTslGnnKM,2020-02-21T11:00:32.806Z,2020-02-21T12:59:45.000Z,【ARK】必死で助けを呼んでみたらみんなが挙手してくれた優しい世界【ロボ子＆夏色まつり＆宝鐘マリン＆桐生ココ＆天音かなた/ホロライブ】
UCvInZx9h3jC2JzsIzoOebWg,Flare Ch. 不知火フレア,ZUvaXmzUTJA,2020-02-21T13:31:16.002Z,2020-02-21T17:51:30.000Z,【ARK】グリフォンをテイム！あと鉱石探しがしたい！【ホロライブ/不知火フレア】
UCl_gCybOJRIgOXw6Qb4qJzQ,Rushia Ch. 潤羽るしあ,f3ZguvcByzY,2020-02-21T14:00:10.000Z,2020-02-21T15:59:19.000Z,【ARK】かなたちゃんと洞窟準備する！！初コラボだああああああ！！！！【ホロライブ/潤羽るしあ】
UCZlDXzGoo7d44bwdNObFacg,Kanata Ch. 天音かなた,A3Jgasp6IIk,2020-02-21T14:00:11.570Z,2020-02-21T15:59:23.000Z,【ARK】かなるし初コラボ★ふたりで洞窟準備します！！！！！【潤羽るしあ＆天音かなた/ホロライブ】
UC-hM6YJuNYVAmUWxeIr9FeA,Miko Ch. さくらみこ,tjtbRE5uNOE,2020-02-21T16:50:54.154Z,2020-02-22T03:03:41.000Z,#27【ぽんこつArk】洞窟ボス戦準備耐久🔥一夜漬け準備の巫女🐱💦💦💦💦【ホロライブ/さくらみこ】
UCqm3BQLlJfvkTsX_hvm0UmA,Watame Ch. 角巻わため,9V_EJ4xj2jY,2020-02-21T17:31:26.173Z,2020-02-21T22:49:10.000Z,【ARK】わため牧場の第三歩！洞窟に行く準備は終わるのか...？！【角巻わため/ホロライブ４期生】
UC1opHUrw8rvnsadT-iGp7Cg,Aqua Ch. 湊あくあ,MltYO3PNBIk,2020-02-22T03:05:30.556Z,2020-02-22T07:52:05.000Z,【ARK】行くぞ洞窟攻略戦！湊あくあ最強化計画の始まりなのだ！【湊あくあ/ホロライブ】
UCdyqAaZDKHXg4Ahi7VENThQ,Noel Ch. 白銀ノエル,HazDxEtrr7c,2020-02-22T06:29:58.448Z,2020-02-22T10:17:26.000Z,【ARK】ギリギリ洞窟準備！ショットガン素材集めたり色々！【白銀ノエル/ホロライブ】
UC1DCedRgGHBdm81E1llLhOQ,Pekora Ch. 兎田ぺこら,2hzdym-57S8,2020-02-22T09:00:19.240Z,2020-02-22T10:59:22.000Z,【ARK】ついに…今夜洞窟攻略がくる・・・！こんな装備で大丈夫か？ぺこ！【ホロライブ/兎田ぺこら】
UCDqI2jOz0weumE8s7paEk6g,Roboco Ch. - ロボ子,_EVD-uV2ilw,2020-02-22T12:04:41.000Z,2020-02-22T15:02:24.000Z,【#ホロARK2番隊】総勢１２人で行く洞窟攻略前半！【#とまらないARK】
UCS9uQI-jC3DE0L4IpXyvr6w,Coco Ch. 桐生ココ,DFHk6C9ch78,2020-02-22T12:07:43.565Z,2020-02-22T15:00:25.000Z,【#ホロARK1番隊】止まるな！生きろ！配信者を守れ！RAGNAROK洞窟攻略いくぞおおおお【#とまらないARK】
UC-hM6YJuNYVAmUWxeIr9FeA,Miko Ch. さくらみこ,PU9qMuLcsO0,2020-02-22T12:08:06.206Z,2020-02-22T15:03:35.000Z,【#ホロARK3番隊】ラグナロク最難関！？3番隊で共に戦うボス戦だにぇ！！！【ホロライブ/さくらみこ視点】
UC1DCedRgGHBdm81E1llLhOQ,Pekora Ch. 兎田ぺこら,RavUmT399Ls,2020-02-22T12:08:08.079Z,2020-02-22T15:00:52.000Z,【#ホロARK2番隊】ラグナロク最難関洞窟攻略！お笑いグループなんて言わせない！！【#とまらないARK】
UC1opHUrw8rvnsadT-iGp7Cg,Aqua Ch. 湊あくあ,4lWhvt-FXyA,2020-02-22T12:08:43.501Z,2020-02-22T15:01:15.000Z,【#ホロARK3番隊】行くぞプリティキュートな四人組！私たちが本物のプ〇キュアになるんだ！【湊あくあ視点/ホロライブ】
UCdn5BQ06XqgXoAxIhbqw5Rg,フブキCh。白上フブキ,q2p8tyW_r7Q,2020-02-22T12:08:55.849Z,2020-02-22T14:06:23.000Z,【#ホロARK1番隊】皆で征く!!洞窟攻略レコンキスタ!!!【#とまらないARK】
UCDqI2jOz0weumE8s7paEk6g,Roboco Ch. - ロボ子,qW9bb6uosPo,2020-02-22T15:57:52.000Z,2020-02-22T19:12:46.000Z,【#とまらないARK】ロケランの怖さを思い出しました、準備；；；【ホロライブ/ロボ子さん】
UC1opHUrw8rvnsadT-iGp7Cg,Aqua Ch. 湊あくあ,KRZ-ltjLRXM,2020-02-23T03:02:45.170Z,2020-02-23T05:22:10.000Z,【ARK】悔しさをバネに！お昼の雪山洞窟ソロ攻略戦だああ！【湊あくあ/ホロライブ】
UC1uv2Oq6kNxgATlCiez59hw,Towa Ch. 常闇トワ,Zp3r90NURfo,2020-02-23T04:15:36.775Z,2020-02-23T06:17:13.000Z,【ARK】1から頑張る初心者ARK生活！！【#常闇トワ/ホロライブ】
UCdyqAaZDKHXg4Ahi7VENThQ,Noel Ch. 白銀ノエル,wSBqmPoCu_Y,2020-02-23T07:00:12.648Z,2020-02-23T09:31:25.000Z,【ARK】次の洞窟攻略に向けて！次は姫(プ)騎士にならないように修行だ...🔥【白銀ノエル/ホロライブ】
UC-hM6YJuNYVAmUWxeIr9FeA,Miko Ch. さくらみこ,3nTP9CN9Ybs,2020-02-23T08:09:19.490Z,2020-02-23T11:10:19.000Z,#28【ぽんこつArk】雪山凍土洞窟を攻略周回！ドキドキクレート漁りチャレンジ！【ホロライブ/さくらみこ】
UCl_gCybOJRIgOXw6Qb4qJzQ,Rushia Ch. 潤羽るしあ,jfqX0qak75s,2020-02-23T09:00:50.000Z,2020-02-23T11:33:06.000Z,【ARK】洞窟お疲れさまでした！！悔しかったのでつよつよになるための反省会ARK【ホロライブ/潤羽るしあ】
UCDqI2jOz0weumE8s7paEk6g,Roboco Ch. - ロボ子,GX6N_mwmB5c,2020-02-23T09:01:02.000Z,2020-02-23T12:09:59.000Z,【#とまらないARK】ARK初心者を迎えるために準備していく余【ホロライブ/ロボ子さん】
UCvInZx9h3jC2JzsIzoOebWg,Flare Ch. 不知火フレア,Pnb9pllOC9s,2020-02-23T12:01:16.876Z,2020-02-23T14:23:16.000Z,【ARK】地図を埋めながらお空旅行✈【ホロライブ/不知火フレア】
UCDqI2jOz0weumE8s7paEk6g,Roboco Ch. - ロボ子,UCOimRh1xy4,2020-02-23T12:58:47.000Z,2020-02-23T14:55:00.000Z,【#とまらないARK】新人のあやめと色んな子をテイムしたい！！！！【ホロライブ/ロボ子さん】
UC7fk0CB07ly8oSl0aqKkqFg,Nakiri Ayame Ch. 百鬼あやめ,-ORdtZrgzHk,2020-02-23T13:00:40.000Z,2020-02-23T14:54:55.000Z,【ARK】遂に初ARK!!!!!!!!ていむしたい!!!!!!!!!!!!!!【#とまらないARK】
UC1DCedRgGHBdm81E1llLhOQ,Pekora Ch. 兎田ぺこら,-uX_6QXzMPE,2020-02-23T14:01:00.857Z,2020-02-23T15:58:46.000Z,【ARK】数は力！！新生ドードー隊爆誕ぺこ！！！【ホロライブ/兎田ぺこら】
UC-hM6YJuNYVAmUWxeIr9FeA,Miko Ch. さくらみこ,NiVhUeH1HBQ,2020-02-23T15:03:08.552Z,2020-02-23T21:04:06.000Z,#29【ぽんこつArk】工場長になりたい！エリート工場を作ったりするにぇ･･･(脱線はある)【ホロライブ/さくらみこ】
UC1opHUrw8rvnsadT-iGp7Cg,Aqua Ch. 湊あくあ,2TB5ndHJJ50,2020-02-24T03:05:47.519Z,2020-02-24T06:51:52.000Z,【ARK】涙の全ロスを乗り越えて！洞窟リベンジのためにガチ作業配信なのだ！【湊あくあ/ホロライブ】
UCdn5BQ06XqgXoAxIhbqw5Rg,フブキCh。白上フブキ,Ecx_YujSj0g,2020-02-24T06:00:18.686Z,2020-02-24T10:15:59.000Z,【作業】グラップリングフックを作り続けるオネェと狐【#とまらないARK】
UCl_gCybOJRIgOXw6Qb4qJzQ,Rushia Ch. 潤羽るしあ,b1oHBCBnCFk,2020-02-24T09:59:39.000Z,2020-02-24T12:38:07.000Z,【ARK】洞窟リベンジ！の、準備しつつ進化する・・・！！マ！【ホロライブ/潤羽るしあ】
UCa9Y57gfeY0Zro_noHRVrnw,Luna Ch. 姫森ルーナ,lieZyni65RA,2020-02-24T10:00:36.716Z,2020-02-24T12:57:35.000Z,【ARK】のんびり素材集め雑談ちよ🍬【#姫森ルーナ/ホロライブ】
UCQ0UDLQCjY0rmuxCDE38FGg,Matsuri Channel 夏色まつり,JQDmwtTOeiQ,2020-02-24T10:12:46.467Z,2020-02-24T13:35:54.000Z,【#とまらないARK】ソロ洞窟攻略するために熊部隊つくるぞ！！【ホロライブ/夏色まつり】
UCS9uQI-jC3DE0L4IpXyvr6w,Coco Ch. 桐生ココ,fPkSVqBpFT8,2020-02-24T12:31:47.126Z,2020-02-24T15:10:18.000Z,【#桐生ココ】26日は洞窟攻略！えっ！？テラーバードが使えそう！？捕まえなきゃ！【#とまらないARK】
UC1uv2Oq6kNxgATlCiez59hw,Towa Ch. 常闇トワ,ss1a64BJZLI,2020-02-24T13:00:30.147Z,2020-02-24T16:02:13.000Z,【ARK】初心者でも恐竜とともに生きたい！！【#常闇トワ/ホロライブ】
UC5CwaMl1eIgY8h02uZw7u8A,Suisei Channel,1VYQYJtQ0aA,2020-02-24T14:00:59.681Z,2020-02-24T15:05:24.000Z,【ＡＲＫ】洞窟準備編！！【ホロライブ / 星街すいせい】
UC-hM6YJuNYVAmUWxeIr9FeA,Miko Ch. さくらみこ,faQkGfooFWQ,2020-02-24T14:03:20.567Z,2020-02-24T21:04:16.000Z,#30【ぽんこつArk】厳選テイム！最強のティラコレオとクマが欲しい&洞窟準備【ホロライブ/さくらみこ】
UCZlDXzGoo7d44bwdNObFacg,Kanata Ch. 天音かなた,nmY7up0eJEU,2020-02-24T14:04:10.816Z,2020-02-24T15:26:03.000Z,【ARK】洞窟準備しつつ…事務所とスタジオってこんなところだったよ【天音かなた/ホロライブ4期生】
UCDqI2jOz0weumE8s7paEk6g,Roboco Ch. - ロボ子,OyXDD1oXNTA,2020-02-24T15:23:49.000Z,2020-02-24T18:43:03.000Z,【#とまらないARK】リベンジは２６日！？準備をしなけりゃ間に合わぬ！！！！【ホロライブ/ロボ子さん】
UCDqI2jOz0weumE8s7paEk6g,Roboco Ch. - ロボ子,MOwomy0-_XU,2020-02-25T03:59:10.000Z,2020-02-25T10:48:08.000Z,【#とまらないARK】住人が増えたのに部屋汚いのってどう思う？？？？【ホロライブ/ロボ子さん】
UCQ0UDLQCjY0rmuxCDE38FGg,Matsuri Channel 夏色まつり,ci4LelsNjdU,2020-02-25T04:58:44.139Z,2020-02-25T06:55:51.000Z,【#とまらないARK】ソロ洞窟攻略するために戦闘員増やしまくりぃ～！【ホロライブ/夏色まつり】
UC1uv2Oq6kNxgATlCiez59hw,Towa Ch. 常闇トワ,j6SDnsiwiWA,2020-02-25T12:00:42.326Z,2020-02-25T15:48:15.000Z,【ARK】洞窟参戦するので初心者ながらに準備！！はあと先輩を添えて【#常闇トワ/ホロライブ】
UCS9uQI-jC3DE0L4IpXyvr6w,Coco Ch. 桐生ココ,49w-a60SXG8,2020-02-25T13:00:16.003Z,2020-02-25T15:20:12.000Z,【#桐生ココ】明日は洞窟攻略！製作がめんどくさいクライオポッド、量産するぞ！【#とまらないARK】
UC1opHUrw8rvnsadT-iGp7Cg,Aqua Ch. 湊あくあ,XBOmQJN3jYE,2020-02-25T13:01:23.496Z,2020-02-25T16:53:33.000Z,【ARK】初の大砲テイム！？対ボス用秘密兵器『ロックエレメンタル』捕獲作戦！【湊あくあ/ホロライブ】
UCDqI2jOz0weumE8s7paEk6g,Roboco Ch. - ロボ子,hSUM-R7aEYg,2020-02-25T13:59:41.000Z,2020-02-25T16:54:23.000Z,【#とまらないARK】洞窟準備と砂漠にも秘密の拠点を作る！！！【ホロライブ/ロボ子さん】
UC-hM6YJuNYVAmUWxeIr9FeA,Miko Ch. さくらみこ,yrPegeUwPKQ,2020-02-25T14:06:52.467Z,2020-02-25T21:01:51.000Z,#31【ぽんこつArk】本格洞窟準備🔥明日は決戦だにぇ！【ホロライブ/さくらみこ】
UCCzUftO8KOVkV4wQG1vkUvg,Marine Ch. 宝鐘マリン,jweJpaOUNuY,2020-02-25T15:01:45.103Z,2020-02-25T17:50:17.000Z,【ARK】お笑いチーム二番隊🌟洞窟前準備で明日はガチるぞｗ【ホロライブ/宝鐘マリン】
UCqm3BQLlJfvkTsX_hvm0UmA,Watame Ch. 角巻わため,p2zfCHsvVpg,2020-02-25T16:31:30.488Z,2020-02-25T21:03:09.000Z,【ARK】２番隊最強卍になるための準備をする！！！【角巻わため/ホロライブ４期生】
UCFTLzh12_nrtzqBPsTCqenA,アキロゼCh。Vtuber/ホロライブ所属,ZUl3rO0Pue0,2020-02-26T02:30:35.482Z,2020-02-26T06:10:19.000Z,【Ark】洞窟攻略の準備する！！！！【ホロライブ/アキロゼ】
UC1opHUrw8rvnsadT-iGp7Cg,Aqua Ch. 湊あくあ,ZmD3oLed7hk,2020-02-27T14:02:40.164Z,2020-02-27T18:24:57.000Z,【ARK】地獄の借金返済・・？鉄をひたすら掘り続ける労働者の生放送。【湊あくあ/ホロライブ】
UC1DCedRgGHBdm81E1llLhOQ,Pekora Ch. 兎田ぺこら,WURSbclEdwY,2020-02-27T14:03:07.567Z,2020-02-27T16:00:41.000Z,【ARK】大群ドードー隊で雪山洞窟を華麗にクリアするぺこ！！！！【ホロライブ/兎田ぺこら】
UCDqI2jOz0weumE8s7paEk6g,Roboco Ch. - ロボ子,wD7yiHu8874,2020-02-28T05:00:42.000Z,2020-02-28T09:11:07.000Z,【ARK】心強い仲間を探しに行く！！！！！【ホロライブ/ロボ子さん】
UCDqI2jOz0weumE8s7paEk6g,Roboco Ch. - ロボ子,VdyyVIT-O4I,2020-02-28T12:00:07.000Z,2020-02-28T13:43:58.000Z,【ARK】ロックエレメンタルを初テイム！仲間になる為に現れたんだよね？？！【ホロライブ/ロボ子さん】
UC-hM6YJuNYVAmUWxeIr9FeA,Miko Ch. さくらみこ,iEEufin47bA,2020-02-28T16:46:48.080Z,2020-02-28T21:32:38.000Z,#【ぽんこつArk】アーティファクト集めしたりしたいにぇ～！【ホロライブ/さくらみこ】
UCvInZx9h3jC2JzsIzoOebWg,Flare Ch. 不知火フレア,hCMFZ83PBlU,2020-02-29T13:00:52.726Z,2020-02-29T17:29:56.000Z,【ARK】ビーバーがセメントになるんだよ！！【ホロライブ/不知火フレア】
UC-hM6YJuNYVAmUWxeIr9FeA,Miko Ch. さくらみこ,9REEziiCBpc,2020-02-29T14:01:28.992Z,2020-02-29T21:35:38.000Z,#33【ぽんこつArk】攻略！暗闇洞窟🦇終わったらレベル上げ狩りするにぇ！【ホロライブ/さくらみこ】
UCFTLzh12_nrtzqBPsTCqenA,アキロゼCh。Vtuber/ホロライブ所属,0Aen53AMiJo,2020-02-29T14:59:59.968Z,2020-02-29T20:07:19.000Z,【Ark】ムキロゼ Discovery Channel 編【ホロライブ/アキロゼ】
UCvInZx9h3jC2JzsIzoOebWg,Flare Ch. 不知火フレア,Os6_HtJScss,2020-03-01T05:02:17.728Z,2020-03-01T07:14:39.000Z,【ARK】レア物資を調達したい！【ホロライブ/不知火フレア】
UCdn5BQ06XqgXoAxIhbqw5Rg,フブキCh。白上フブキ,gdZEitDHx_I,2020-03-01T13:02:13.717Z,2020-03-01T14:01:52.000Z,星街すいせいの３D感想をイイながらカマキリをテイムする準備をするオネェと狐【#とまらないARK】
UC1DCedRgGHBdm81E1llLhOQ,Pekora Ch. 兎田ぺこら,BFWOpUhABGE,2020-03-01T14:02:06.936Z,2020-03-01T16:10:34.000Z,【ARK】なんか３倍らしいよ⁉いまやらないでいつやるのぺこ！【ホロライブ/兎田ぺこら】
UCFTLzh12_nrtzqBPsTCqenA,アキロゼCh。Vtuber/ホロライブ所属,g62ZX5sWE-g,2020-03-01T15:01:35.495Z,2020-03-01T19:10:49.000Z,【Ark】強さが欲しいムキロゼ Discovery Channel 編【ホロライブ/アキロゼ】
UCdn5BQ06XqgXoAxIhbqw5Rg,フブキCh。白上フブキ,5eau69cHQCQ,2020-03-01T15:58:26.819Z,2020-03-01T18:03:05.000Z,今度こそカマキリをテイムするオネェと狐【#とまらないARK】
UCl_gCybOJRIgOXw6Qb4qJzQ,Rushia Ch. 潤羽るしあ,U25BBmSGD3Q,2020-03-02T10:00:22.000Z,2020-03-02T12:52:37.000Z,【ARK】最強ネクロがいろんな生き物テイムするしあ！！！！！【ホロライブ/潤羽るしあ】
UCdn5BQ06XqgXoAxIhbqw5Rg,フブキCh。白上フブキ,oLzyytUf1zk,2020-03-02T13:57:50.396Z,2020-03-02T15:46:31.000Z,砂漠ワイバーンから卵を強奪するオネェと狐【#とまらないARK】
UC-hM6YJuNYVAmUWxeIr9FeA,Miko Ch. さくらみこ,Hko7bqYiJow,2020-03-02T14:00:44.719Z,2020-03-02T21:03:36.000Z,#34【ぽんこつArk】ついに！恐怖の海へ進出するにぇ･･！！！！【ホロライブ/さくらみこ】
UC1suqwovbL1kzsoaZgFZLKg,Choco Ch. 癒月ちょこ,1iqrw6_qPoQ,2020-03-02T16:07:03.000Z,2020-03-02T21:07:59.000Z,【Ark: Survival Evolved】保健医が悪魔のしびれ薬を生産する放送【ホロライブ/癒月ちょこ】
UCqm3BQLlJfvkTsX_hvm0UmA,Watame Ch. 角巻わため,2OVVsf7I7ag,2020-03-02T17:15:28.585Z,2020-03-02T21:26:16.000Z,【ARK】つよつよアルゲンをテイムする！極秘でね！！！【角巻わため/ホロライブ４期生】
UCvInZx9h3jC2JzsIzoOebWg,Flare Ch. 不知火フレア,A07YUUibtB4,2020-03-02T18:02:05.469Z,2020-03-02T23:06:46.000Z,【ARK】ワイバーンの卵を盗むだけなら簡単なんじゃろ？【ホロライブ/不知火フレア】
UCS9uQI-jC3DE0L4IpXyvr6w,Coco Ch. 桐生ココ,Jy7RsvAkntk,2020-03-02T22:00:11.665Z,2020-03-03T02:41:34.000Z,【#桐生ココ】ARKホロ鯖内に英語塾建築する。【#とまらないARK】
UCdyqAaZDKHXg4Ahi7VENThQ,Noel Ch. 白銀ノエル,uAXrnbb8erQ,2020-03-03T04:00:03.071Z,2020-03-03T08:11:02.000Z,【ARK】1週間ぶりのARK！資材集めしないとやばたにえん！【白銀ノエル/ホロライブ】
UC1uv2Oq6kNxgATlCiez59hw,Towa Ch. 常闇トワ,ckOVXy07zwM,2020-03-03T07:00:07.244Z,2020-03-03T09:40:07.000Z,【ARK】初心者ARK生活。4日目。ろぼこ先輩と共に！！【#常闇トワ/ホロライブ】
UCCzUftO8KOVkV4wQG1vkUvg,Marine Ch. 宝鐘マリン,0kPqaO_Hfkw,2020-03-03T08:59:48.035Z,2020-03-03T12:31:57.000Z,【ＡＲＫ】えりーと工場にえりーと工場長のイラスト看板を建てる🌸【ホロライブ/宝鐘マリン】
UCXTpFs_3PqI41qX2d9tL2Rw,Shion Ch. 紫咲シオン,b7ngVkGHLro,2020-03-03T10:04:26.156Z,2020-03-03T11:51:46.000Z,【ARK】ここはどこですか？助けてください。【ホロライブ/紫咲シオン】
UC1DCedRgGHBdm81E1llLhOQ,Pekora Ch. 兎田ぺこら,Kbv5MHIPXM0,2020-03-03T13:00:37.326Z,2020-03-03T15:48:24.000Z,【ARK】超難関！？試練の洞窟をぺこみこで超攻略ぺこおおお！！！！！【さくらみこ/兎田ぺこら】
UC-hM6YJuNYVAmUWxeIr9FeA,Miko Ch. さくらみこ,uG0NFC7n2pk,2020-03-03T13:02:29.261Z,2020-03-03T15:49:42.000Z,【ARK】砂漠の試練の洞窟をぺこみこが攻略！🏜🔥【兎田ぺこら/さくらみこ】
UCvInZx9h3jC2JzsIzoOebWg,Flare Ch. 不知火フレア,-hJhYPKAXFI,2020-03-03T16:02:22.122Z,2020-03-03T19:40:45.000Z,【ARK】洞窟準備が忙しい！！【ホロライブ/不知火フレア】
UC-hM6YJuNYVAmUWxeIr9FeA,Miko Ch. さくらみこ,IYOHwWNZucI,2020-03-03T17:16:20.378Z,2020-03-03T21:17:39.000Z,#35【ぽんこつArk】砂漠の洞窟番外編🏜置き去りにしたティラコレオを救え！【ホロライブ/さくらみこ】
UCZlDXzGoo7d44bwdNObFacg,Kanata Ch. 天音かなた,9GeIvG5863M,2020-03-04T08:59:19.012Z,2020-03-04T09:44:41.000Z,【ARK】謎の小屋スタート？？？一人で倒せなかったカマキリ、元太で挑む！！！！！【天音かなた/ホロライブ4期生】
UC1DCedRgGHBdm81E1llLhOQ,Pekora Ch. 兎田ぺこら,7LKBuWH17eg,2020-03-04T12:00:23.500Z,2020-03-04T14:04:13.000Z,【ARK】行くぞ別ルート！デスアスレチック満載の砂漠洞窟を完の壁に攻略するぺこ！！【ホロライブ/兎田ぺこら
UCl_gCybOJRIgOXw6Qb4qJzQ,Rushia Ch. 潤羽るしあ,vwI_-QEZu7Y,2020-03-04T13:00:58.000Z,2020-03-04T14:49:08.000Z,【ARK】ぺん太がいなくなった・・・悲しい・・・雪山！！！【ホロライブ/潤羽るしあ】
UCvInZx9h3jC2JzsIzoOebWg,Flare Ch. 不知火フレア,SSkSPZGm4lM,2020-03-05T04:02:03.234Z,2020-03-05T10:58:12.000Z,【ARK】  洞窟準備はまだ終わらない！！【ホロライブ/不知火フレア】
UCQ0UDLQCjY0rmuxCDE38FGg,Matsuri Channel 夏色まつり,44xRXa4klzU,2020-03-05T06:06:16.452Z,2020-03-05T08:49:36.000Z,【ARK】ずっと住みたかったお城についに手を出してしまう！【ホロライブ/夏色まつり】
UCZlDXzGoo7d44bwdNObFacg,Kanata Ch. 天音かなた,qbl4YED3VLY,2020-03-05T08:59:42.644Z,2020-03-05T11:26:57.000Z,【ARK】大挑戦！！！！熊をテイムするっ！！！！！！【天音かなた/ホロライブ4期生】
UCdyqAaZDKHXg4Ahi7VENThQ,Noel Ch. 白銀ノエル,RuiiJ7RTqic,2020-03-05T13:10:15.596Z,2020-03-05T15:23:24.000Z,【ARK】明日ワイバーンの卵チャレンジするから犠牲用プテラ捕まえる...！【白銀ノエル/ホロライブ】
UCS9uQI-jC3DE0L4IpXyvr6w,Coco Ch. 桐生ココ,eqynBNhhIpo,2020-03-05T14:00:50.636Z,2020-03-05T16:00:53.000Z,【#桐生ココ】洞窟攻略準備！洞窟前の崖を攻略する！安全第一！落下防止！スロープ建築！【#とまらないARK】
UCqm3BQLlJfvkTsX_hvm0UmA,Watame Ch. 角巻わため,LpwUlJZC0ig,2020-03-05T15:01:56.488Z,2020-03-05T15:11:50.000Z,【ARK】洞窟準備！極秘で用意したアルゲンをあげるゲン！！！【赤井はあと先輩＆角巻わため/ホロライブ４期生】
UCqm3BQLlJfvkTsX_hvm0UmA,Watame Ch. 角巻わため,7pPeGyYIKHQ,2020-03-05T15:17:27.742Z,2020-03-05T18:51:39.000Z,【ARK】洞窟準備！極秘で用意したアルゲンをあげるゲン！！！【赤井はあと先輩＆角巻わため/ホロライブ４期生】
UCvInZx9h3jC2JzsIzoOebWg,Flare Ch. 不知火フレア,sKd6zLewnAY,2020-03-06T04:03:20.058Z,2020-03-06T08:36:51.000Z,【ARK】ノエフレ二人でワイバーンの卵を強奪するぞ！🥚【不知火フレア/白銀ノエル/ホロライブ】
UCdyqAaZDKHXg4Ahi7VENThQ,Noel Ch. 白銀ノエル,a-YOJAL5jaE,2020-03-06T04:03:24.438Z,2020-03-06T08:36:57.000Z,【ARK】ノエフレでワイバーンの卵チャレンジ！ママになりたい...🍼【白銀ノエル/ホロライブ】
UCCzUftO8KOVkV4wQG1vkUvg,Marine Ch. 宝鐘マリン,TE6OLEtYMwM,2020-03-06T09:01:36.108Z,2020-03-06T11:24:25.000Z,【ARK】イラスト看板描きます💘聖地巡礼してね✨【ホロライブ/宝鐘マリン】
UCS9uQI-jC3DE0L4IpXyvr6w,Coco Ch. 桐生ココ,QskCyZi5Uoo,2020-03-06T12:59:35.393Z,2020-03-06T19:00:58.000Z,【#桐生ココ】洞窟攻略準備！洞窟前の崖を攻略！スロープ建築2日目ぇぇ！！【#とまらないARK】
UCvInZx9h3jC2JzsIzoOebWg,Flare Ch. 不知火フレア,f-4a3kQ0IFQ,2020-03-06T14:03:18.750Z,2020-03-06T21:36:40.000Z,【ARK】ノエフレ⚔🔥洞窟準備が終わらない！【不知火フレア/白銀ノエル/ホロライブ】
UCdyqAaZDKHXg4Ahi7VENThQ,Noel Ch. 白銀ノエル,p9VcivEMUGo,2020-03-06T14:03:18.895Z,2020-03-06T21:36:21.000Z,【ARK】明日の洞窟攻略に向けて！熊テイムしたり最終準備だ...！！(最終とは言っていない)【白銀ノエル/ホロライブ】
UC-hM6YJuNYVAmUWxeIr9FeA,Miko Ch. さくらみこ,GUzOR3Yb8zI,2020-03-06T15:02:07.889Z,2020-03-06T21:34:51.000Z,#36【ぽんこつArk】えりーと工場🏭料理長にもなるにぇ！【ホロライブ/さくらみこ】
UCFTLzh12_nrtzqBPsTCqenA,アキロゼCh。Vtuber/ホロライブ所属,D7j-wbqDr4Y,2020-03-06T16:35:21.851Z,2020-03-06T19:34:46.000Z,【Ark】ムキロゼ全力で洞窟攻略を応援！太鼓職人編【ホロライブ/アキロゼ】
UCqm3BQLlJfvkTsX_hvm0UmA,Watame Ch. 角巻わため,vy1r9dk_n-c,2020-03-07T06:05:32.021Z,2020-03-07T07:49:01.000Z,【ARK】今度こそ２人で洞窟攻略直前準備！！！！！【赤井はあと先輩＆角巻わため/ホロライブ４期生】
UC1opHUrw8rvnsadT-iGp7Cg,Aqua Ch. 湊あくあ,CiiJOhCqnik,2020-03-07T07:01:38.995Z,2020-03-07T09:09:58.000Z,【ARK】三番隊全員集合！洞窟リベンジ直前！準備、そして練習の時間だ！！【湊あくあ/ホロライブ】
UCS9uQI-jC3DE0L4IpXyvr6w,Coco Ch. 桐生ココ,yi2vEV9UtO0,2020-03-07T11:02:26.016Z,2020-03-07T12:59:30.000Z,【#ホロARK1番隊】今日で必ず攻略してやる！！RAGNAROK洞窟攻略リベンジじゃい！【#とまらないARK】
UC1opHUrw8rvnsadT-iGp7Cg,Aqua Ch. 湊あくあ,YRifOZ2vWpI,2020-03-07T11:03:17.823Z,2020-03-07T13:00:39.000Z,【#ホロARK3番隊】最恐部隊出撃！絶対に誰も死なないでボスを討伐するんだ！【湊あくあ/ホロライブ】
UCdn5BQ06XqgXoAxIhbqw5Rg,フブキCh。白上フブキ,LLuFJncEiOs,2020-03-07T11:03:20.535Z,2020-03-07T13:02:24.000Z,【#ホロARK4番隊】洞窟攻略最終決戦!負けられない４番隊🌽❤️🌸☄️
UCDqI2jOz0weumE8s7paEk6g,Roboco Ch. - ロボ子,a154La7eKRA,2020-03-07T11:03:32.000Z,2020-03-07T12:59:45.000Z,【#ホロARK２番隊】RAGNAROK洞窟攻略リベンジ卍カメラマン生きる！！！【#とまらないARK】
UC-hM6YJuNYVAmUWxeIr9FeA,Miko Ch. さくらみこ,VtCpurHpxEo,2020-03-07T11:04:08.948Z,2020-03-07T13:01:53.000Z,【#ホロARK4番隊】絶対にボスを倒すにぇ🔥いくぜ４番隊！！！！！！！！【ホロライブ/さくらみこ】
UC1DCedRgGHBdm81E1llLhOQ,Pekora Ch. 兎田ぺこら,Gok-saFxlgE,2020-03-07T11:04:12.843Z,2020-03-07T13:00:19.000Z,【#ホロARK2番隊】お笑いチーム？言わせとけ！今度こそ成果をあげてみせる！！！ぺこ【ホロライブ/兎田ぺこら】
UCdyqAaZDKHXg4Ahi7VENThQ,Noel Ch. 白銀ノエル,xkogzQaO5V4,2020-03-07T11:04:16.149Z,2020-03-07T13:00:47.000Z,【#ホロARK1番隊】🔰初心者カメラマンですが最後まで生き残って記録に残します！🔰【#とまらないARK】
UC-hM6YJuNYVAmUWxeIr9FeA,Miko Ch. さくらみこ,VFUzk4q-wRg,2020-03-07T16:41:58.220Z,2020-03-07T21:41:08.000Z,#37【ぽんこつArk】洞窟攻略勝利～～！すべてのアーティファクトを飾るにぇ！【ホロライブ/さくらみこ】
UCdn5BQ06XqgXoAxIhbqw5Rg,フブキCh。白上フブキ,PDcRmv8UdHg,2020-03-08T05:58:56.437Z,2020-03-08T08:51:43.000Z,ARK洞窟攻略の感想、そして次の課題へ挑むオネェと狐【#とまらないARK】
UCZlDXzGoo7d44bwdNObFacg,Kanata Ch. 天音かなた,z1tJaTmCbCg,2020-03-09T08:00:48.449Z,2020-03-09T11:14:58.000Z,【ARK成長物語】第一話「グリフォン」あんぽんたんが頑張るところを見てください【天音かなた/ホロライブ4期生】
UCCzUftO8KOVkV4wQG1vkUvg,Marine Ch. 宝鐘マリン,frlJlJ_jtO8,2020-03-09T11:01:05.150Z,2020-03-09T12:42:49.000Z,【ARK】脱法コンビ🐉☠メガテリウムつかまえちゃうぞ💘【ホロライブ/宝鐘マリン・桐生ココ】
UC1DCedRgGHBdm81E1llLhOQ,Pekora Ch. 兎田ぺこら,FPFiwzjQlnQ,2020-03-09T13:00:37.866Z,2020-03-09T15:19:34.000Z,【ARK】ドードー隊についに軍事力！？最終兵器を作るぺこだよおぺこ！【ホロライブ/兎田ぺこら】
UC-hM6YJuNYVAmUWxeIr9FeA,Miko Ch. さくらみこ,7iJJKVMniVY,2020-03-09T15:02:09.698Z,2020-03-09T21:07:02.000Z,#38【ぽんこつArk】海を支配せよ！最後のアーティファクト(暴食)とイカテイム！【ホロライブ/さくらみこ】
UCS9uQI-jC3DE0L4IpXyvr6w,Coco Ch. 桐生ココ,bvLgWH-LV90,2020-03-10T13:00:57.754Z,2020-03-10T15:18:50.000Z,【#桐生ココ】まだまだ止まらないARK！最強と言われるラグナロクMAPボス討伐を目指す！・・・には準備が必要だぁ！【#とまらないARK】
UCS9uQI-jC3DE0L4IpXyvr6w,Coco Ch. 桐生ココ,b_CiobMW0RA,2020-03-10T21:30:55.481Z,2020-03-11T01:00:17.000Z,【#桐生ココ】朝活ARK！WE NEED Electricity in HOLOLIVE Village!!【#とまらないARK】
UCZlDXzGoo7d44bwdNObFacg,Kanata Ch. 天音かなた,q7gCEtkrG-0,2020-03-11T09:00:42.309Z,2020-03-11T12:01:24.000Z,【ARK成長物語】第二話「ワイバーン」あんぽんたんが頑張るところを見てください【天音かなた/ホロライブ4期生】
UCCzUftO8KOVkV4wQG1vkUvg,Marine Ch. 宝鐘マリン,2r57tPjMFCc,2020-03-11T11:00:02.285Z,2020-03-11T13:02:05.000Z,【ARK】ホロメンイラスト看板建てます🖌✨観光名所作り❣【ホロライブ/宝鐘マリン】
UCl_gCybOJRIgOXw6Qb4qJzQ,Rushia Ch. 潤羽るしあ,p-5xB2kAKf0,2020-03-11T13:01:38.000Z,2020-03-11T14:55:57.000Z,【ARK】お引越ししたいけど熊ほしい・・・！！したいことたくさんあるあーく！！！【ホロライブ/潤羽るしあ】
UCdn5BQ06XqgXoAxIhbqw5Rg,フブキCh。白上フブキ,3mqT80b1h7I,2020-03-11T14:58:16.334Z,2020-03-11T16:36:31.000Z,至高ショットガンを量産する武器屋のオネェと狐【#とまらないARK】
UCqm3BQLlJfvkTsX_hvm0UmA,Watame Ch. 角巻わため,6Z5S5f2TDos,2020-03-11T15:00:48.848Z,2020-03-11T19:14:17.000Z,【ARK】わため牧場の第四歩！ダエオドンをテイムしたい！！！【角巻わため/ホロライブ４期生】
UC1DCedRgGHBdm81E1llLhOQ,Pekora Ch. 兎田ぺこら,02n3gqieXXY,2020-03-11T15:01:39.465Z,2020-03-11T21:25:13.000Z,【ARK】ボス戦に向けて最強の戦士を作りたいぺこ！【ホロライブ/兎田ぺこら】
UC-hM6YJuNYVAmUWxeIr9FeA,Miko Ch. さくらみこ,_tuCsQ2P_H0,2020-03-11T15:02:43.003Z,2020-03-11T21:03:43.000Z,#38【ぽんこつArk】最終ボスに向けて準備🔥ユウティラを捕まえたり素材集め【ホロライブ/さくらみこ】
UCvInZx9h3jC2JzsIzoOebWg,Flare Ch. 不知火フレア,V66JNmjWeHQ,2020-03-12T14:32:10.996Z,2020-03-12T18:34:54.000Z,【ARK】ボス討伐組へ資材集めとかとか！【ホロライブ/不知火フレア】
UC-hM6YJuNYVAmUWxeIr9FeA,Miko Ch. さくらみこ,RIp7bQ8ADTk,2020-03-12T16:29:24.847Z,2020-03-12T21:11:35.000Z,#38【ぽんこつArk】チェーンソーで皮をﾋｬｯﾊｰするにぇ！💓【ホロライブ/さくらみこ】
UC1opHUrw8rvnsadT-iGp7Cg,Aqua Ch. 湊あくあ,EjnwejGF6NY,2020-03-13T13:00:31.914Z,2020-03-13T14:23:56.000Z,【ARK】湊あくあ式作業RTA！一時間で目ぼしい物資を狩りつくすのだ！【湊あくあ/ホロライブ】
UCdyqAaZDKHXg4Ahi7VENThQ,Noel Ch. 白銀ノエル,0FVoeQsBV98,2020-03-13T13:10:44.234Z,2020-03-13T17:33:56.000Z,【三期生ARK】★真のラスボスに向けて！きょむきょむ作業雑談★【白銀ノエル/ホロライブ】
UC-hM6YJuNYVAmUWxeIr9FeA,Miko Ch. さくらみこ,pICDjIuqctQ,2020-03-13T16:38:00.082Z,2020-03-13T23:42:33.000Z,#41【ぽんこつArk】わためは悪くないよ―――･･･～至高サドル作り～【ホロライブ/さくらみこ】
UC1opHUrw8rvnsadT-iGp7Cg,Aqua Ch. 湊あくあ,4q4fWzq8Lw8,2020-03-14T03:01:22.079Z,2020-03-14T05:19:01.000Z,【ARK】最終決戦直前！みんなでお昼のレベリング大作戦なのだ！【湊あくあ/ホロライブ】
UCQ0UDLQCjY0rmuxCDE38FGg,Matsuri Channel 夏色まつり,Wg92CHgViSs,2020-03-14T12:00:57.583Z,2020-03-14T12:40:11.000Z,【#ホロ鯖最終決戦】死んだら即終了ARK！エイム？自信ないですが頑張ります！【ホロライブ/夏色まつり】
UCS9uQI-jC3DE0L4IpXyvr6w,Coco Ch. 桐生ココ,o3--dYeAyBI,2020-03-14T12:01:02.122Z,2020-03-14T12:39:57.000Z,【#ホロ鯖最終決戦】死んだら即終了ARK！RAGNAROKホロ鯖ボスアリーナを攻略せよ！！【#とまらないARK】
UCqm3BQLlJfvkTsX_hvm0UmA,Watame Ch. 角巻わため,QMWufyU8R5Y,2020-03-14T12:01:21.635Z,2020-03-14T12:40:38.000Z,【ARK】死んだら即終了！RAGNAROKホロ鯖ボスアリーナを攻略！！！【角巻わため/ホロライブ４期生】
UCCzUftO8KOVkV4wQG1vkUvg,Marine Ch. 宝鐘マリン,5AE4JMwNKCo,2020-03-14T12:01:28.261Z,2020-03-14T12:42:42.000Z,【ARK】🔥ラスボス死んだら即終了!!🔥特攻隊マリン船長【ホロライブ/宝鐘マリン】
UCdn5BQ06XqgXoAxIhbqw5Rg,フブキCh。白上フブキ,w0RWlBLMPfU,2020-03-14T12:01:31.161Z,2020-03-14T12:41:04.000Z,【#ホロ鯖最終決戦】死にたくないから生き延びたい!!!!!!!!!!!!!!!!!!!!!!!!!!!!!!!!!!!!!!!!!!!!!!!!!!【白上フブキ視点】
UC-hM6YJuNYVAmUWxeIr9FeA,Miko Ch. さくらみこ,P_zLSzUxreM,2020-03-14T12:01:31.841Z,2020-03-14T12:42:02.000Z,【#ホロ鯖最終決戦】死んだら即終了ARK！後方支援のエリート巫女参ります！！！！🐗【ホロライブ/さくらみこ】
UCFTLzh12_nrtzqBPsTCqenA,アキロゼCh。Vtuber/ホロライブ所属,MAISV_C02YM,2020-03-14T12:02:18.059Z,2020-03-14T12:41:32.000Z,Ark ラグナロク【#ホロ鯖最終決戦】死んだら即終了【アキロゼ視点/ホロライブ】
UCvInZx9h3jC2JzsIzoOebWg,Flare Ch. 不知火フレア,BXhW9BuejlY,2020-03-14T14:01:27.767Z,2020-03-14T18:15:28.000Z,【ARK】いい加減文明を開化させろ！！【ホロライブ/不知火フレア】
UCvInZx9h3jC2JzsIzoOebWg,Flare Ch. 不知火フレア,WNRDG3gTffU,2020-03-15T06:01:16.735Z,2020-03-15T08:06:27.000Z,【ARK】原始時代でも建築がしてみたい！【ホロライブ/不知火フレア】
UCCzUftO8KOVkV4wQG1vkUvg,Marine Ch. 宝鐘マリン,QPp5p9oviO0,2020-03-15T13:00:25.864Z,2020-03-15T13:36:22.000Z,【#ホロ鯖最終決戦】死んだら即終了ＡＲＫラスボスチャレンジ🔥【ホロライブ/宝鐘マリン】
UC-hM6YJuNYVAmUWxeIr9FeA,Miko Ch. さくらみこ,5HoNsOvEWfo,2020-03-15T13:00:37.080Z,2020-03-15T13:41:25.000Z,【#ホロ鯖最終決戦】ラグナロク最終ボスLEVEL≪α≫最強の敵へ挑む【ホロライブ/さくらみこ】
UCS9uQI-jC3DE0L4IpXyvr6w,Coco Ch. 桐生ココ,MrlGPXJ2mm8,2020-03-15T13:01:02.953Z,2020-03-15T13:34:55.000Z,【#ホロ鯖最終決戦】死んだら即終了！Ragnarok ARENA BOSS α ガチ全力挑戦【#とまらないARK】
UCqm3BQLlJfvkTsX_hvm0UmA,Watame Ch. 角巻わため,dkpF9T4kZf0,2020-03-15T13:01:07.699Z,2020-03-15T13:35:40.000Z,【ARK】死んだら即終了！RAGNAROKホロ鯖αボスに挑戦！！！【角巻わため/ホロライブ４期生】
UCdn5BQ06XqgXoAxIhbqw5Rg,フブキCh。白上フブキ,us7tkN_huHI,2020-03-15T13:01:18.441Z,2020-03-15T13:35:53.000Z,【#ホロ鯖最終決戦】更に闘うホロ達RAGNAROK【αBOSS】
UCZlDXzGoo7d44bwdNObFacg,Kanata Ch. 天音かなた,gjB97KTKkZY,2020-03-15T13:01:22.017Z,2020-03-15T13:09:24.000Z,【#ホロ鯖最終決戦】助っ人……一体何音かなたなんだ……？？？【天音かなた/ホロライブ4期生】
UCFTLzh12_nrtzqBPsTCqenA,アキロゼCh。Vtuber/ホロライブ所属,X37I0eWwIhc,2020-03-15T13:01:30.660Z,2020-03-15T13:35:45.000Z,Ark ラグナロク【#ホロ鯖最終決戦】前回ボスの5倍以上の戦闘力に至高の下半身で挑ムキロゼ【アキロゼ視点/ホロライブ】
UCl_gCybOJRIgOXw6Qb4qJzQ,Rushia Ch. 潤羽るしあ,0l3IylX90oU,2020-03-16T07:01:12.000Z,2020-03-16T09:43:17.000Z,【ARK】世界を広げる！拠点増やしたり何か捕まえたい・・・！！！！！【ホロライブ/潤羽るしあ】
UCCzUftO8KOVkV4wQG1vkUvg,Marine Ch. 宝鐘マリン,P3NIlSH2VhY,2020-03-16T10:59:43.185Z,2020-03-16T13:02:03.000Z,【ＡＲＫ】ホロメンイラスト看板描きます🖌✨ホロ鯖観光名所計画❣【ホロライブ/宝鐘マリン】
UC1uv2Oq6kNxgATlCiez59hw,Towa Ch. 常闇トワ,yxCG4U7T1WE,2020-03-16T13:00:59.461Z,2020-03-16T14:29:35.000Z,【ARK】初心者ARK生活5日目！ラブニーの仇！！因縁の！！アロサウルス討伐！【#常闇トワ/ホロライブ】
UCvInZx9h3jC2JzsIzoOebWg,Flare Ch. 不知火フレア,0urC4Ht_sB0,2020-03-16T13:01:53.353Z,2020-03-16T17:55:02.000Z,【ARK】建築するぞするぞするぞー！【ホロライブ/不知火フレア】
UC1opHUrw8rvnsadT-iGp7Cg,Aqua Ch. 湊あくあ,3003jHBBl4Y,2020-03-18T08:01:36.513Z,2020-03-18T10:20:38.000Z,【ARK】目指せラスボス！あくあのソロ洞窟攻略作戦！【湊あくあ/ホロライブ】
UCl_gCybOJRIgOXw6Qb4qJzQ,Rushia Ch. 潤羽るしあ,Xe67zligwFE,2020-03-18T11:00:11.000Z,2020-03-18T14:11:36.000Z,【ARK】二人で思いで作り・・・！マリンとハラハラワイバーンチャレンジ☆ゆくのです！！！！【ホロライブ/潤羽るしあ】
UC-hM6YJuNYVAmUWxeIr9FeA,Miko Ch. さくらみこ,64HXqrHbYTI,2020-03-18T11:01:52.409Z,2020-03-18T15:30:39.000Z,#42【ぽんこつArk】全ボスソロ討伐周回RTA～ありがとう､ラグナロク編～【さくらみこ/ホロライブ】
UCFTLzh12_nrtzqBPsTCqenA,アキロゼCh。Vtuber/ホロライブ所属,5O1S6wYTy4s,2020-03-19T03:02:34.995Z,2020-03-19T06:05:58.000Z,【Ark】そうだ写真をとろう！ムキロゼカメラマン編【ホロライブ/アキロゼ】
UCQ0UDLQCjY0rmuxCDE38FGg,Matsuri Channel 夏色まつり,MD248Fydjas,2020-03-19T05:00:52.276Z,2020-03-19T08:43:15.000Z,【ARK】さらばラグナロク。まつり達が生きた証を残す。【ホロライブ/夏色まつり】
UCa9Y57gfeY0Zro_noHRVrnw,Luna Ch. 姫森ルーナ,DRZJkeXrL_E,2020-03-19T05:00:58.656Z,2020-03-19T08:42:43.000Z,【ARK】まつりちゃ先輩と動物園作るのら🍬【#姫森ルーナ/ホロライブ】
UCDqI2jOz0weumE8s7paEk6g,Roboco Ch. - ロボ子,T-O53C4mY8M,2020-03-19T05:01:49.000Z,2020-03-19T10:22:47.000Z,【ARK】移行するまえにカワウソをテイムしたい…！！！【ホロライブ/ロボ子さん】
UCZlDXzGoo7d44bwdNObFacg,Kanata Ch. 天音かなた,A8i3BR-Y5iY,2020-03-19T08:59:09.774Z,2020-03-19T10:41:42.000Z,【ARK成長物語】第三話「初ソロ洞窟」あんぽんたんが頑張るところを見守ってください【天音かなた/ホロライブ4期生】
UCl_gCybOJRIgOXw6Qb4qJzQ,Rushia Ch. 潤羽るしあ,Cb8HnqQn_T8,2020-03-19T10:00:41.000Z,2020-03-19T11:40:04.000Z,【ARK】サクッと終らせたらぁ！度胸試しワイバーンチャレンジ！！６０分もかからないじゃろ！【ホロライブ/潤羽るしあ】
UCdn5BQ06XqgXoAxIhbqw5Rg,フブキCh。白上フブキ,As_Qiux_Ifw,2020-03-19T12:57:47.061Z,2020-03-19T14:09:48.000Z,【ARK】ラヴァ・ゴーレム！ソロ討伐RTA【#とまらないARK】
UCS9uQI-jC3DE0L4IpXyvr6w,Coco Ch. 桐生ココ,IABaC2abHBQ,2020-03-20T03:00:18.136Z,2020-03-20T04:59:50.000Z,【#桐生ココ】RAGNAROK観光地化計画★思い出のドヤづくり！(株)桐生建築【#とまらないARK】
UCZlDXzGoo7d44bwdNObFacg,Kanata Ch. 天音かなた,kmTqGDERCHQ,2020-03-20T06:00:08.363Z,2020-03-20T06:45:56.000Z,【ARK成長物語】第四話「リベンジ」あんぽんたんが頑張るところを見守ってください【天音かなた/ホロライブ4期生】
